"""=GOOGLEFINANCE(""AAPL"", ""close"", DATE(2020,1,1), DATE(2023,2,23), ""DAILY"")""",,,,,,,,
Date,AAPL,AMZN,GOOG,META,MSFT,NVDA,TSLA,S&P500
1/2/2020 16:00:00,75.09,94.9,68.37,209.78,160.62,59.98,28.68,3257.85
1/3/2020 16:00:00,74.36,93.75,68.03,208.67,158.62,59.02,29.53,3234.85
1/6/2020 16:00:00,74.95,95.14,69.71,212.6,159.03,59.27,30.1,3246.28
1/7/2020 16:00:00,74.6,95.34,69.67,213.06,157.58,59.98,31.27,3237.18
1/8/2020 16:00:00,75.8,94.6,70.22,215.22,160.09,60.1,32.81,3253.05
1/9/2020 16:00:00,77.41,95.05,70.99,218.3,162.09,60.76,32.09,3274.7
1/10/2020 16:00:00,77.58,94.16,71.49,218.06,161.34,61.08,31.88,3265.35
1/13/2020 16:00:00,79.24,94.57,71.96,221.91,163.28,63,34.99,3288.13
1/14/2020 16:00:00,78.17,93.47,71.54,219.06,162.13,61.82,35.86,3283.15
1/15/2020 16:00:00,77.83,93.1,71.96,221.15,163.18,61.39,34.57,3289.29
1/16/2020 16:00:00,78.81,93.9,72.58,221.77,166.17,62.23,34.23,3316.81
1/17/2020 16:00:00,79.68,93.24,74.02,222.14,167.1,62.32,34.03,3329.62
1/21/2020 16:00:00,79.14,94.6,74.22,221.44,166.5,61.99,36.48,3320.79
1/22/2020 16:00:00,79.43,94.37,74.3,221.32,165.7,62.51,37.97,3321.75
1/23/2020 16:00:00,79.81,94.23,74.33,219.76,166.72,63.22,38.15,3325.54
1/24/2020 16:00:00,79.58,93.08,73.34,217.94,165.04,62.62,37.65,3295.47
1/27/2020 16:00:00,77.24,91.42,71.69,214.87,162.28,60.05,37.2,3243.63
1/28/2020 16:00:00,79.42,92.66,72.63,217.79,165.46,61.99,37.79,3276.24
1/29/2020 16:00:00,81.08,92.9,72.93,223.23,168.04,61.39,38.73,3273.4
1/30/2020 16:00:00,80.97,93.53,72.79,209.53,172.78,61.45,42.72,3283.66
1/31/2020 16:00:00,77.38,100.44,71.71,201.91,170.23,59.11,43.37,3225.52
2/3/2020 16:00:00,77.17,100.21,74.3,204.19,174.38,60.08,52,3248.92
2/4/2020 16:00:00,79.71,102.48,72.35,209.83,180.12,61.78,59.14,3297.59
2/5/2020 16:00:00,80.36,101.99,72.41,210.11,179.9,62.69,48.98,3334.69
2/6/2020 16:00:00,81.3,102.51,73.81,210.85,183.63,63.56,49.93,3345.78
2/7/2020 16:00:00,80.01,103.96,73.96,212.33,183.89,62.9,49.87,3327.71
2/10/2020 16:00:00,80.39,106.7,75.43,213.06,188.7,65.74,51.42,3352.09
2/11/2020 16:00:00,79.9,107.54,75.44,207.19,184.44,66.97,51.63,3357.75
2/12/2020 16:00:00,81.8,108,75.91,210.76,184.71,68.14,51.15,3379.45
2/13/2020 16:00:00,81.22,107.49,75.73,213.14,183.71,67.69,53.6,3373.94
2/14/2020 16:00:00,81.24,106.74,76.04,214.18,185.35,72.45,53.34,3380.16
2/18/2020 16:00:00,79.75,107.78,75.98,217.8,187.23,74.14,57.23,3370.29
2/19/2020 16:00:00,80.91,108.51,76.33,217.49,187.28,78.68,61.16,3386.15
2/20/2020 16:00:00,80.08,107.66,75.91,214.58,184.42,77.18,59.96,3373.23
2/21/2020 16:00:00,78.26,104.8,74.26,210.18,178.59,73.52,60.07,3337.75
2/24/2020 16:00:00,74.55,100.46,71.08,200.72,170.89,68.32,55.59,3225.89
2/25/2020 16:00:00,72.02,98.64,69.42,196.77,168.07,65.51,53.33,3128.21
2/26/2020 16:00:00,73.16,98.98,69.66,197.2,170.17,66.91,51.92,3116.39
2/27/2020 16:00:00,68.38,94.22,65.9,189.75,158.18,63.15,45.27,2978.76
2/28/2020 16:00:00,68.34,94.19,66.97,192.47,162.01,67.52,44.53,2954.22
3/2/2020 16:00:00,74.7,97.7,69.46,196.44,172.79,69.11,49.57,3090.23
3/3/2020 16:00:00,72.33,95.45,67.07,185.89,164.51,66.47,49.7,3003.37
3/4/2020 16:00:00,75.69,98.79,69.33,191.76,170.55,71.13,49.97,3130.12
3/5/2020 16:00:00,73.23,96.2,65.95,185.17,166.27,68.32,48.3,3023.94
3/6/2020 16:00:00,72.26,95.05,64.92,181.09,161.57,66.51,46.9,2972.37
3/9/2020 16:00:00,66.54,90.03,60.78,169.5,150.62,61.36,40.53,2746.56
3/10/2020 16:00:00,71.33,94.59,64.02,178.19,160.92,65.27,43.02,2882.23
3/11/2020 16:00:00,68.86,91.04,60.77,170.24,153.63,61.62,42.28,2741.38
3/12/2020 16:00:00,62.06,83.83,55.75,154.47,139.06,54.08,37.37,2480.64
3/13/2020 16:00:00,69.49,89.25,60.99,170.28,158.83,60.21,36.44,2711.02
3/16/2020 16:00:00,60.55,84.46,54.22,146.01,135.42,49.1,29.67,2386.13
3/17/2020 16:00:00,63.22,90.39,55.99,149.42,146.57,54.32,28.68,2529.19
3/18/2020 16:00:00,61.67,91.5,54.84,146.96,140.4,50.71,24.08,2398.1
3/19/2020 16:00:00,61.2,94.05,55.76,153.13,142.71,53.24,28.51,2409.39
3/20/2020 16:00:00,57.31,92.3,53.62,149.73,137.35,51.44,28.5,2304.92
3/23/2020 16:00:00,56.09,95.14,52.83,148.1,135.98,53.17,28.95,2237.4
3/24/2020 16:00:00,61.72,97.01,56.72,160.98,148.34,62.3,33.67,2447.33
3/25/2020 16:00:00,61.38,94.29,55.12,156.21,146.92,61.41,35.95,2475.56
3/26/2020 16:00:00,64.61,97.77,58.09,163.34,156.11,64.31,35.21,2630.07
3/27/2020 16:00:00,61.94,95.01,55.54,156.79,149.7,63.18,34.29,2541.47
3/30/2020 16:00:00,63.7,98.2,57.34,165.95,160.23,66.4,33.48,2626.65
3/31/2020 16:00:00,63.57,97.49,58.14,166.8,157.71,65.9,34.93,2584.59
4/1/2020 16:00:00,60.23,95.39,55.28,159.6,152.11,60.77,32.1,2470.5
4/2/2020 16:00:00,61.23,95.94,56.04,158.19,155.26,63.87,30.3,2526.9
4/3/2020 16:00:00,60.35,95.33,54.89,154.18,153.83,60.98,32,2488.65
4/6/2020 16:00:00,65.62,99.88,59.35,165.55,165.27,67.1,34.42,2663.68
4/7/2020 16:00:00,64.86,100.58,59.33,168.83,163.49,64.76,36.36,2659.41
4/8/2020 16:00:00,66.52,102.15,60.51,174.28,165.13,66.74,36.59,2749.98
4/9/2020 16:00:00,67,102.14,60.57,175.19,165.14,65.74,38.2,2789.82
4/13/2020 16:00:00,68.31,108.44,60.88,174.79,165.51,67.46,43.4,2761.63
4/14/2020 16:00:00,71.76,114.17,63.46,178.17,173.7,70.99,47.33,2846.06
4/15/2020 16:00:00,71.11,115.38,63.12,176.97,171.88,70.21,48.66,2783.36
4/16/2020 16:00:00,71.67,120.41,63.17,176.25,177.04,73.68,49.68,2799.55
4/17/2020 16:00:00,70.7,118.75,64.16,179.24,178.6,73.08,50.26,2874.56
4/20/2020 16:00:00,69.23,119.68,63.33,178.24,175.06,71.76,49.76,2823.16
4/21/2020 16:00:00,67.09,116.41,60.82,170.8,167.82,67.38,45.78,2736.56
4/22/2020 16:00:00,69.03,118.17,63.16,182.28,173.52,71.54,48.81,2799.31
4/23/2020 16:00:00,68.76,119.97,63.82,185.13,171.42,71,47.04,2797.8
4/24/2020 16:00:00,70.74,120.51,63.97,190.07,174.55,72.4,48.34,2836.74
4/27/2020 16:00:00,70.79,118.8,63.79,187.5,174.05,74.27,53.25,2878.48
4/28/2020 16:00:00,69.65,115.7,61.68,182.91,169.81,72.84,51.27,2863.39
4/29/2020 16:00:00,71.93,118.64,67.07,194.19,177.43,74.61,53.37,2939.51
4/30/2020 16:00:00,73.45,123.7,67.43,204.71,179.21,73.07,52.13,2912.43
5/1/2020 16:00:00,72.27,114.3,66.03,202.27,174.57,70.69,46.75,2830.71
5/4/2020 16:00:00,73.29,115.8,66.34,205.26,178.84,72.82,50.75,2842.74
5/5/2020 16:00:00,74.39,115.89,67.56,207.07,180.76,73.44,51.21,2868.44
5/6/2020 16:00:00,75.16,117.56,67.36,208.47,182.54,74.45,52.17,2848.42
5/7/2020 16:00:00,75.94,118.38,68.63,211.26,183.6,76.22,52,2881.19
5/8/2020 16:00:00,77.53,118.98,69.42,212.35,184.68,78.13,54.63,2929.8
5/11/2020 16:00:00,78.75,120.45,70.16,213.18,186.74,80.66,54.09,2930.32
5/12/2020 16:00:00,77.85,117.85,68.79,210.1,182.51,78.03,53.96,2870.12
5/13/2020 16:00:00,76.91,118.4,67.47,205.1,179.75,77.8,52.73,2820
5/14/2020 16:00:00,77.39,119.44,67.81,206.81,180.53,80.31,53.56,2852.5
5/15/2020 16:00:00,76.93,120.49,68.66,210.88,183.16,84.91,53.28,2863.7
5/18/2020 16:00:00,78.74,121.31,69.2,213.19,184.91,87.5,54.24,2953.91
5/19/2020 16:00:00,78.29,122.47,68.67,216.88,183.63,88.06,53.87,2922.94
5/20/2020 16:00:00,79.81,124.9,70.34,229.97,185.66,89.7,54.37,2971.61
5/21/2020 16:00:00,79.21,122.34,70.14,231.39,183.43,87.75,55.17,2948.51
5/22/2020 16:00:00,79.72,121.84,70.52,234.91,183.51,90.26,54.46,2955.45
5/26/2020 16:00:00,79.18,121.09,70.85,232.2,181.57,87.18,54.59,2991.77
5/27/2020 16:00:00,79.53,120.52,70.89,229.14,181.81,85.25,54.68,3036.13
5/28/2020 16:00:00,79.56,120.06,70.84,225.46,181.4,84.87,53.72,3029.73
5/29/2020 16:00:00,79.49,122.12,71.45,225.09,183.25,88.76,55.67,3044.31
6/1/2020 16:00:00,80.46,123.55,71.59,231.91,182.83,88.06,59.87,3055.73
6/2/2020 16:00:00,80.83,123.62,71.96,232.72,184.91,88.25,58.77,3080.82
6/3/2020 16:00:00,81.28,123.92,71.82,230.16,185.36,87.7,58.86,3122.87
6/4/2020 16:00:00,80.58,123.03,70.61,226.29,182.92,87.67,57.63,3112.35
6/5/2020 16:00:00,82.88,124.15,71.92,230.77,187.2,89.2,59.04,3193.93
6/8/2020 16:00:00,83.37,126.2,72.33,231.4,188.36,88.05,63.33,3232.39
6/9/2020 16:00:00,86,130.04,72.81,238.67,189.8,90.46,62.71,3207.18
6/10/2020 16:00:00,88.21,132.37,73.29,236.73,196.84,93.67,68.34,3190.14
6/11/2020 16:00:00,83.98,127.9,70.19,224.43,186.27,87.96,64.86,3002.1
6/12/2020 16:00:00,84.7,127.25,70.66,228.58,187.74,89.33,62.35,3041.31
6/15/2020 16:00:00,85.75,128.63,70.99,232.5,188.94,91.74,66.06,3066.59
6/16/2020 16:00:00,88.02,130.76,72.14,235.65,193.57,90.69,65.48,3124.74
6/17/2020 16:00:00,87.9,132.05,72.56,235.53,194.24,92.36,66.12,3113.49
6/18/2020 16:00:00,87.93,132.7,71.8,235.94,196.32,92.18,66.93,3115.34
6/19/2020 16:00:00,87.43,133.75,71.59,238.79,195.15,92.61,66.73,3097.74
6/22/2020 16:00:00,89.72,135.69,72.59,239.22,200.57,95.27,66.29,3117.86
6/23/2020 16:00:00,91.63,138.22,73.22,242.24,201.91,94.5,66.79,3131.29
6/24/2020 16:00:00,90.02,136.72,71.6,234.02,197.84,92.36,64.06,3050.33
6/25/2020 16:00:00,91.21,137.73,72.07,235.68,200.34,94.9,65.73,3083.76
6/26/2020 16:00:00,88.41,134.64,68,216.08,196.33,91.55,63.98,3009.05
6/29/2020 16:00:00,90.45,134.02,69.75,220.64,198.44,92,67.29,3053.24
6/30/2020 16:00:00,91.2,137.94,70.68,227.07,203.51,94.98,71.99,3100.29
7/1/2020 16:00:00,91.03,143.94,71.9,237.55,204.7,95.3,74.64,3115.86
7/2/2020 16:00:00,91.03,144.51,73.24,233.42,206.26,96.12,80.58,3130.01
7/6/2020 16:00:00,93.46,152.85,74.79,240.28,210.7,98.39,91.44,3179.72
7/7/2020 16:00:00,93.17,150.01,74.26,240.86,208.25,98.72,92.66,3145.32
7/8/2020 16:00:00,95.34,154.06,74.8,243.58,212.83,102.16,91.06,3169.94
7/9/2020 16:00:00,95.68,159.13,75.55,244.5,214.32,105.09,92.95,3152.05
7/10/2020 16:00:00,95.92,160,77.09,245.07,213.67,104.79,102.98,3185.04
7/13/2020 16:00:00,95.48,155.2,75.57,239,207.07,100.52,99.8,3155.22
7/14/2020 16:00:00,97.06,154.2,76.03,239.73,208.35,103.77,101.12,3197.52
7/15/2020 16:00:00,97.73,150.44,75.68,240.28,208.04,102.27,103.07,3226.56
7/16/2020 16:00:00,96.52,150,75.9,240.93,203.92,101.35,100.04,3215.57
7/17/2020 16:00:00,96.33,148.1,75.78,242.03,202.88,102.02,100.06,3224.73
7/20/2020 16:00:00,98.36,159.84,78.29,245.42,211.6,105.11,109.53,3251.84
7/21/2020 16:00:00,97,156.91,77.92,241.75,208.75,103.29,104.56,3257.3
7/22/2020 16:00:00,97.27,155,78.42,239.87,211.75,104.39,106.16,3276.02
7/23/2020 16:00:00,92.85,149.33,75.78,232.6,202.54,101.3,100.87,3235.66
7/24/2020 16:00:00,92.62,150.45,75.59,230.71,201.3,101.95,94.47,3215.63
7/27/2020 16:00:00,94.81,152.76,76.51,233.5,203.85,104.22,102.64,3239.41
7/28/2020 16:00:00,93.25,150.02,75.02,230.12,202.02,102.16,98.43,3218.44
7/29/2020 16:00:00,95.04,151.68,76.1,233.29,204.06,104.66,99.94,3258.44
7/30/2020 16:00:00,96.19,152.59,76.57,234.5,203.9,106.14,99.17,3246.22
7/31/2020 16:00:00,106.26,158.23,74.15,253.67,205.01,106.15,95.38,3271.12
8/3/2020 16:00:00,108.94,155.59,73.72,251.96,216.54,110.1,99,3294.61
8/4/2020 16:00:00,109.67,156.94,73.25,249.83,213.29,112.28,99.13,3306.51
8/5/2020 16:00:00,110.06,160.25,73.68,249.12,212.94,112.87,99,3327.77
8/6/2020 16:00:00,113.9,161.25,75.01,265.28,216.35,113.36,99.31,3349.16
8/7/2020 16:00:00,111.11,158.37,74.72,268.44,212.48,112,96.85,3351.28
8/10/2020 16:00:00,112.73,157.41,74.81,263,208.25,111.65,94.57,3360.47
8/11/2020 16:00:00,109.38,154.03,74.02,256.13,203.38,108.5,91.63,3333.69
8/12/2020 16:00:00,113.01,158.11,75.33,259.89,209.19,114.4,103.65,3380.35
8/13/2020 16:00:00,115.01,158.05,75.92,261.3,208.7,114.43,108.07,3373.43
8/14/2020 16:00:00,114.91,157.4,75.39,261.24,208.9,115.64,110.05,3372.85
8/17/2020 16:00:00,114.61,159.12,75.9,261.16,210.28,123.37,122.38,3381.99
8/18/2020 16:00:00,115.56,165.62,77.93,262.34,211.49,122.61,125.81,3389.78
8/19/2020 16:00:00,115.71,163.02,77.38,262.59,209.7,121.39,125.24,3374.85
8/20/2020 16:00:00,118.28,164.87,79.09,269.01,214.58,121.41,133.46,3385.51
8/21/2020 16:00:00,124.37,164.24,79.02,267.01,213.02,126.84,136.67,3397.16
8/24/2020 16:00:00,125.86,165.37,79.41,271.39,213.69,127.2,134.28,3431.28
8/25/2020 16:00:00,124.83,167.32,80.41,280.82,216.47,127.5,134.89,3443.62
8/26/2020 16:00:00,126.52,172.09,82.62,303.91,221.15,127.73,143.54,3478.73
8/27/2020 16:00:00,125.01,170,81.72,293.22,226.58,126.28,149.25,3484.55
8/28/2020 16:00:00,124.81,170.09,82.22,293.66,228.91,131.48,147.56,3508.01
8/31/2020 16:00:00,129.04,172.55,81.71,293.2,225.53,133.75,166.11,3500.31
9/1/2020 16:00:00,134.18,174.96,83.04,295.44,227.27,138.21,158.35,3526.65
9/2/2020 16:00:00,131.4,176.57,86.41,302.5,231.65,143.47,149.12,3580.84
9/3/2020 16:00:00,120.88,168.4,82.09,291.12,217.3,130.16,135.67,3455.06
9/4/2020 16:00:00,120.96,164.73,79.55,282.73,214.25,126.23,139.44,3426.96
9/8/2020 16:00:00,112.82,157.49,76.62,271.16,202.66,119.13,110.07,3331.84
9/9/2020 16:00:00,117.32,163.43,77.85,273.72,211.29,127.15,122.09,3398.96
9/10/2020 16:00:00,113.49,158.76,76.6,268.09,205.37,123.12,123.78,3339.19
9/11/2020 16:00:00,112,155.81,76.04,266.61,204.03,121.65,124.24,3340.97
9/14/2020 16:00:00,115.36,155.15,75.96,266.15,205.41,128.72,139.87,3383.54
9/15/2020 16:00:00,115.54,157.81,77.07,272.42,208.78,129.91,149.92,3401.2
9/16/2020 16:00:00,112.13,153.91,76.05,263.52,205.05,125.15,147.25,3385.49
9/17/2020 16:00:00,110.34,150.44,74.78,254.82,202.91,124.64,141.14,3357.01
9/18/2020 16:00:00,106.84,147.75,73,252.53,200.39,121.89,147.38,3319.47
9/21/2020 16:00:00,110.08,148.02,71.56,248.15,202.54,125.17,149.8,3281.06
9/22/2020 16:00:00,111.81,156.45,73.27,254.75,207.42,126.38,141.41,3315.57
9/23/2020 16:00:00,107.12,149.99,70.76,249.02,200.59,121.24,126.79,3236.92
9/24/2020 16:00:00,108.22,150.99,71.41,249.53,203.19,123.48,129.26,3246.59
9/25/2020 16:00:00,112.28,154.76,72.25,254.82,207.82,128.74,135.78,3298.46
9/28/2020 16:00:00,114.96,158.7,73.23,256.82,209.44,130.35,140.4,3351.6
9/29/2020 16:00:00,114.09,157.24,73.47,261.79,207.26,132.26,139.69,3335.47
9/30/2020 16:00:00,115.81,157.44,73.48,261.9,210.33,135.31,143,3363
10/1/2020 16:00:00,116.79,161.06,74.5,266.63,212.46,136.15,149.39,3380.8
10/2/2020 16:00:00,113.02,156.25,72.92,259.94,206.19,130.62,138.36,3348.44
10/5/2020 16:00:00,116.5,159.96,74.3,264.65,210.38,136.43,141.89,3408.63
10/6/2020 16:00:00,113.16,155,72.67,258.66,205.91,137.37,137.99,3360.95
10/7/2020 16:00:00,115.08,159.78,73.01,258.12,209.83,139.64,141.77,3419.45
10/8/2020 16:00:00,114.97,159.53,74.3,263.76,210.58,138.39,141.97,3446.83
10/9/2020 16:00:00,116.97,164.33,75.76,264.45,215.81,137.63,144.67,3477.13
10/12/2020 16:00:00,124.4,172.15,78.46,275.75,221.4,142.26,147.43,3534.22
10/13/2020 16:00:00,121.1,172.18,78.58,276.14,222.86,142.48,148.88,3511.93
10/14/2020 16:00:00,121.19,168.19,78.4,271.82,220.86,140.95,153.77,3488.67
10/15/2020 16:00:00,120.71,166.93,77.96,266.72,219.66,139.7,149.63,3483.34
10/16/2020 16:00:00,119.02,163.64,78.65,265.93,219.66,138.12,146.56,3483.81
10/19/2020 16:00:00,115.98,160.36,76.73,261.4,214.22,134.98,143.61,3426.92
10/20/2020 16:00:00,117.51,160.85,77.8,267.56,214.65,136.46,140.65,3443.12
10/21/2020 16:00:00,116.87,159.25,79.67,278.73,214.8,135.25,140.88,3435.56
10/22/2020 16:00:00,115.75,158.82,80.77,278.12,214.89,133.61,141.93,3453.49
10/23/2020 16:00:00,115.04,160.22,82.05,284.79,216.23,135.9,140.21,3465.39
10/26/2020 16:00:00,115.05,160.35,79.52,277.11,210.08,131.41,140.09,3400.97
10/27/2020 16:00:00,116.6,164.32,80.21,283.29,213.25,133.97,141.56,3390.68
10/28/2020 16:00:00,111.2,158.14,75.83,267.67,202.68,126.27,135.34,3271.03
10/29/2020 16:00:00,115.32,160.55,78.36,280.83,204.72,130.24,136.94,3310.11
10/30/2020 16:00:00,108.86,151.81,81.05,263.11,202.47,125.34,129.35,3269.96
11/2/2020 16:00:00,108.77,150.22,81.3,261.36,202.33,125.81,133.5,3310.24
11/3/2020 16:00:00,110.44,152.42,82.51,265.3,206.43,130.2,141.3,3369.16
11/4/2020 16:00:00,114.95,162.06,87.46,287.38,216.39,137.94,140.33,3443.44
11/5/2020 16:00:00,119.03,166.1,88.17,294.68,223.29,141.6,146.03,3510.45
11/6/2020 16:00:00,118.69,165.57,88.09,293.41,223.72,145.62,143.32,3509.44
11/9/2020 16:00:00,116.32,157.19,88.15,278.77,218.39,136.31,140.42,3550.5
11/10/2020 16:00:00,115.97,151.75,87.02,272.43,211.01,127.7,136.79,3545.53
11/11/2020 16:00:00,119.49,156.87,87.64,276.48,216.55,134.18,139.04,3572.66
11/12/2020 16:00:00,119.21,155.51,87.49,275.08,215.44,134.57,137.25,3537.01
11/13/2020 16:00:00,119.26,156.44,88.85,276.95,216.51,132.97,136.17,3585.15
11/16/2020 16:00:00,120.3,156.55,89.07,278.96,217.23,135.15,136.03,3626.91
11/17/2020 16:00:00,119.39,156.78,88.51,275,214.46,134.22,147.2,3609.53
11/18/2020 16:00:00,118.03,155.27,87.34,271.97,211.08,134.29,162.21,3567.79
11/19/2020 16:00:00,118.64,155.85,88.2,272.94,212.42,134.4,166.42,3581.87
11/20/2020 16:00:00,117.34,154.97,87.11,269.7,210.39,130.88,163.2,3557.54
11/23/2020 16:00:00,113.85,154.92,86.74,268.43,210.11,131.4,173.95,3577.59
11/24/2020 16:00:00,115.17,155.9,88.44,276.92,213.86,129.58,185.13,3635.41
11/25/2020 16:00:00,116.03,159.25,88.57,275.59,213.87,132.35,191.33,3629.65
11/27/2020 13:00:00,116.59,159.77,89.66,277.81,215.23,132.61,195.25,3638.35
11/30/2020 16:00:00,119.05,158.4,88.04,276.97,214.07,134.01,189.2,3621.63
12/1/2020 16:00:00,122.72,161,89.91,286.55,216.21,133.9,194.92,3662.45
12/2/2020 16:00:00,123.08,160.18,91.4,287.52,215.37,135.45,189.61,3669.01
12/3/2020 16:00:00,122.94,159.34,91.34,281.85,214.24,133.96,197.79,3666.72
12/4/2020 16:00:00,122.25,158.13,91.4,279.7,214.36,135.58,199.68,3699.12
12/7/2020 16:00:00,123.75,157.9,90.97,285.58,214.29,136.07,213.92,3691.96
12/8/2020 16:00:00,124.38,158.86,90.93,283.4,216.01,133.5,216.63,3702.25
12/9/2020 16:00:00,121.78,155.21,89.21,277.92,211.8,129.31,201.49,3672.82
12/10/2020 16:00:00,123.24,155.07,88.77,277.12,210.52,129.72,209.02,3668.1
12/11/2020 16:00:00,122.41,155.82,89.09,273.55,213.26,130.13,203.33,3663.46
12/14/2020 16:00:00,121.78,157.85,88,274.19,214.2,133.09,213.28,3647.49
12/15/2020 16:00:00,127.88,158.26,88.39,275.55,214.13,133.6,211.08,3694.62
12/16/2020 16:00:00,127.81,162.05,88.15,275.67,219.28,132.43,207.59,3701.17
12/17/2020 16:00:00,128.7,161.8,87.4,274.48,219.42,133.41,218.63,3722.48
12/18/2020 16:00:00,126.66,160.08,86.55,276.4,218.59,132.72,231.67,3709.41
12/21/2020 16:00:00,128.23,160.31,86.97,272.79,222.59,133.32,216.62,3694.92
12/22/2020 16:00:00,131.88,160.33,86.18,267.09,223.94,132.78,213.45,3687.26
12/23/2020 16:00:00,130.96,159.26,86.62,268.11,221.02,130.09,215.33,3690.01
12/24/2020 13:00:00,131.97,158.63,86.94,267.4,222.75,129.94,220.59,3703.06
12/28/2020 16:00:00,136.69,164.2,88.8,277,224.96,129,221.23,3735.36
12/29/2020 16:00:00,134.87,166.1,87.94,276.78,224.15,129.43,222,3727.04
12/30/2020 16:00:00,133.72,164.29,86.98,271.87,221.68,131.46,231.59,3732.04
12/31/2020 16:00:00,132.69,162.85,87.59,273.16,222.42,130.55,235.22,3756.07
1/4/2021 16:00:00,129.41,159.33,86.41,268.94,217.69,131.14,243.26,3700.65
1/5/2021 16:00:00,131.01,160.93,87.05,270.97,217.9,134.05,245.04,3726.86
1/6/2021 16:00:00,126.6,156.92,86.76,263.31,212.25,126.15,251.99,3748.14
1/7/2021 16:00:00,130.92,158.11,89.36,268.74,218.29,133.44,272.01,3803.79
1/8/2021 16:00:00,132.05,159.14,90.36,267.57,219.62,132.77,293.34,3824.68
1/11/2021 16:00:00,128.98,155.71,88.34,256.84,217.49,136.22,270.4,3799.61
1/12/2021 16:00:00,128.8,156.04,87.33,251.09,214.93,134.85,283.15,3801.19
1/13/2021 16:00:00,130.89,158.29,87.72,251.64,216.34,135.32,284.8,3809.84
1/14/2021 16:00:00,128.91,156.37,87.01,245.64,213.02,132,281.67,3795.54
1/15/2021 16:00:00,127.14,155.21,86.81,251.36,212.65,128.6,275.39,3768.25
1/19/2021 16:00:00,127.83,156.04,89.54,261.1,216.44,130.25,281.52,3798.91
1/20/2021 16:00:00,132.03,163.17,94.35,267.48,224.34,133.66,283.48,3851.85
1/21/2021 16:00:00,136.87,165.35,94.56,272.87,224.97,138.68,281.66,3853.07
1/22/2021 16:00:00,139.07,164.61,95.05,274.5,225.95,137.13,282.21,3841.47
1/25/2021 16:00:00,142.92,164.7,94.97,278.01,229.53,136.53,293.6,3855.36
1/26/2021 16:00:00,143.16,166.31,95.86,282.05,232.33,134.35,294.36,3849.62
1/27/2021 16:00:00,142.06,161.63,91.54,272.14,232.9,129.18,288.05,3750.77
1/28/2021 16:00:00,137.09,161.88,93.16,265,238.93,130.51,278.48,3787.38
1/29/2021 16:00:00,131.96,160.31,91.79,258.33,231.96,129.9,264.51,3714.24
2/1/2021 16:00:00,134.14,167.14,95.07,262.01,239.65,132.37,279.94,3773.86
2/2/2021 16:00:00,134.99,169,96.38,267.08,239.51,135.57,290.93,3826.31
2/3/2021 16:00:00,133.94,165.63,103.5,266.65,243,135.31,284.9,3830.17
2/4/2021 16:00:00,137.39,166.55,103.12,266.49,242.01,136.64,283.33,3871.74
2/5/2021 16:00:00,136.76,167.61,104.9,268.1,242.2,135.91,284.08,3886.83
2/8/2021 16:00:00,136.91,166.15,104.65,266.58,242.47,144.39,287.81,3915.59
2/9/2021 16:00:00,136.01,165.25,104.18,269.45,243.77,142.63,283.15,3911.23
2/10/2021 16:00:00,135.39,164.33,104.77,271.87,242.82,147.64,268.27,3909.88
2/11/2021 16:00:00,135.13,163.11,104.79,270.39,244.49,152.51,270.55,3916.38
2/12/2021 16:00:00,135.37,163.89,105.21,270.5,244.99,149.61,272.04,3934.83
2/16/2021 16:00:00,133.19,163.45,106.1,273.97,243.7,153.3,265.41,3932.59
2/17/2021 16:00:00,130.84,165.43,106.42,273.57,244.2,149.06,266.05,3931.33
2/18/2021 16:00:00,129.71,166.41,105.86,269.39,243.79,148.29,262.46,3913.97
2/19/2021 16:00:00,129.87,162.5,105.06,261.56,240.97,149.26,260.43,3906.71
2/22/2021 16:00:00,126,159.04,103.24,260.33,234.51,143.56,238.17,3876.5
2/23/2021 16:00:00,125.86,159.73,103.54,265.86,233.27,141.42,232.95,3881.37
2/24/2021 16:00:00,125.35,157.98,104.76,264.31,234.55,144.99,247.34,3925.43
2/25/2021 16:00:00,120.99,152.86,101.57,254.69,228.99,133.07,227.41,3829.34
2/26/2021 16:00:00,121.26,154.65,101.84,257.62,232.38,137.15,225.17,3811.15
3/1/2021 16:00:00,127.79,157.31,104.08,264.91,236.94,138.42,239.48,3901.82
3/2/2021 16:00:00,125.12,154.73,103.79,259,233.87,134.06,228.81,3870.29
3/3/2021 16:00:00,122.06,150.25,101.34,255.41,227.56,128.05,217.73,3819.72
3/4/2021 16:00:00,120.13,148.88,102.45,257.64,226.73,123.7,207.15,3768.47
3/5/2021 16:00:00,121.42,150.02,105.43,264.28,231.6,124.62,199.32,3841.94
3/8/2021 16:00:00,116.36,147.6,101.21,255.31,227.39,115.93,187.67,3821.35
3/9/2021 16:00:00,121.09,153.14,102.64,265.74,233.78,125.2,224.53,3875.44
3/10/2021 16:00:00,119.98,152.88,102.75,264.9,232.42,124.68,222.69,3898.81
3/11/2021 16:00:00,121.96,155.68,105.74,273.88,237.13,129.94,233.2,3939.34
3/12/2021 16:00:00,121.03,154.47,103.1,268.4,235.75,128.56,231.24,3943.34
3/15/2021 16:00:00,123.99,154.08,103.32,273.75,234.81,131.91,235.98,3968.94
3/16/2021 16:00:00,125.57,154.59,104.63,279.28,237.71,132.91,225.63,3962.71
3/17/2021 16:00:00,124.76,156.79,104.55,284.01,237.04,133.41,233.94,3974.12
3/18/2021 16:00:00,120.53,151.4,101.81,278.62,230.72,127.23,217.72,3915.46
3/19/2021 16:00:00,119.99,153.75,102.16,290.11,230.35,128.46,218.29,3913.1
3/22/2021 16:00:00,123.39,155.54,101.93,293.54,235.99,131.86,223.33,3940.59
3/23/2021 16:00:00,122.54,156.88,102.65,290.63,237.58,130.71,220.72,3910.52
3/24/2021 16:00:00,120.09,154.35,102.25,282.14,235.46,126.43,210.09,3889.14
3/25/2021 16:00:00,120.59,152.31,102.22,278.74,232.34,125.35,213.46,3909.52
3/26/2021 16:00:00,121.21,152.6,101.78,283.02,236.48,128.39,206.24,3974.54
3/29/2021 16:00:00,121.39,153.79,102.8,290.82,235.24,129.48,203.76,3971.09
3/30/2021 16:00:00,119.9,152.76,102.78,288,231.85,128.72,211.87,3958.55
3/31/2021 16:00:00,122.15,154.7,103.43,294.53,235.77,133.48,222.64,3972.89
4/1/2021 16:00:00,123,158.05,106.89,298.66,242.35,138.12,220.58,4019.87
4/5/2021 16:00:00,125.9,161.34,111.28,308.91,249.07,139.88,230.35,4077.91
4/6/2021 16:00:00,126.21,161.19,111.24,306.26,247.86,138.62,230.54,4073.94
4/7/2021 16:00:00,127.9,163.97,112.48,313.09,249.9,141.44,223.66,4079.95
4/8/2021 16:00:00,130.36,164.97,113.27,313.02,253.25,143.17,227.93,4097.17
4/9/2021 16:00:00,133,168.61,114.29,312.46,255.85,144,225.67,4128.8
4/12/2021 16:00:00,131.24,168.97,112.74,311.54,255.91,152.09,233.99,4127.99
4/13/2021 16:00:00,134.43,170,113.36,309.76,258.49,156.79,254.11,4141.59
4/14/2021 16:00:00,132.03,166.65,112.74,302.82,255.59,152.77,244.08,4124.66
4/15/2021 16:00:00,134.5,168.95,114.83,307.82,259.5,161.37,246.28,4170.42
4/16/2021 16:00:00,134.16,169.97,114.89,306.18,260.74,159.13,246.59,4185.47
4/19/2021 16:00:00,134.84,168.6,115.12,302.24,258.74,153.62,238.21,4163.26
4/20/2021 16:00:00,133.11,166.73,114.68,302.65,258.26,151.71,239.66,4134.94
4/21/2021 16:00:00,133.5,168.1,114.66,301.47,260.58,153.6,248.04,4173.42
4/22/2021 16:00:00,131.94,165.45,113.4,296.52,257.17,148.5,239.9,4134.98
4/23/2021 16:00:00,134.32,167.04,115.77,301.13,261.15,152.65,243.13,4180.17
4/26/2021 16:00:00,134.72,170.45,116.34,303.04,261.55,154.78,246.07,4187.62
4/27/2021 16:00:00,134.39,170.87,115.36,303.57,261.97,153.82,234.91,4186.72
4/28/2021 16:00:00,133.58,172.93,119,307.1,254.56,152.77,231.47,4183.18
4/29/2021 16:00:00,133.48,173.57,121.49,329.51,252.51,153.25,225.67,4211.47
4/30/2021 16:00:00,131.46,173.37,120.51,325.08,252.18,150.1,236.48,4181.17
5/3/2021 16:00:00,132.54,169.32,119.76,322.58,251.86,148.37,228.3,4192.66
5/4/2021 16:00:00,127.85,165.59,117.71,318.36,247.79,143.51,224.53,4164.66
5/5/2021 16:00:00,128.1,163.53,117.84,315.02,246.47,144.59,223.65,4167.59
5/6/2021 16:00:00,129.74,165.32,119.07,320.02,249.73,145.23,221.18,4201.62
5/7/2021 16:00:00,130.21,164.58,119.93,319.08,252.46,148.12,224.12,4232.6
5/10/2021 16:00:00,126.85,159.52,117.08,305.97,247.18,142.66,209.68,4188.43
5/11/2021 16:00:00,125.91,161.2,115.44,306.53,246.23,143.06,205.73,4152.1
5/12/2021 16:00:00,122.77,157.6,111.95,302.55,239,137.59,196.63,4063.04
5/13/2021 16:00:00,124.97,158.07,113.1,305.26,243.03,136.65,190.56,4112.5
5/14/2021 16:00:00,127.45,161.15,115.81,315.94,248.15,142.43,196.58,4173.85
5/17/2021 16:00:00,126.27,163.52,116.07,315.46,245.18,141.66,192.28,4163.29
5/18/2021 16:00:00,124.85,161.61,115.17,309.96,243.08,140.16,192.62,4127.83
5/19/2021 16:00:00,124.69,161.59,115.44,313.59,243.12,140.66,187.82,4115.68
5/20/2021 16:00:00,127.31,162.38,117.8,318.61,246.48,146.13,195.59,4159.12
5/21/2021 16:00:00,125.43,160.15,117.26,316.23,245.17,149.92,193.63,4155.86
5/24/2021 16:00:00,127.1,162.25,120.33,324.63,250.78,156.12,202.15,4197.05
5/25/2021 16:00:00,126.9,162.95,120.45,327.79,251.72,156.48,201.56,4188.13
5/26/2021 16:00:00,126.85,163.26,121.68,327.66,251.49,157,206.38,4195.99
5/27/2021 16:00:00,125.28,161.51,120.13,332.75,249.31,154.88,210.28,4200.88
5/28/2021 16:00:00,124.61,161.15,120.58,328.73,249.68,162.45,208.41,4204.11
6/1/2021 16:00:00,124.28,160.93,121.49,329.13,247.4,162.65,207.97,4202.04
6/2/2021 16:00:00,125.06,161.7,121.06,329.15,247.3,167.78,201.71,4208.12
6/3/2021 16:00:00,123.54,159.35,120.23,326.04,245.71,169.7,190.95,4192.85
6/4/2021 16:00:00,125.89,160.31,122.59,330.35,250.79,175.78,199.68,4229.89
6/7/2021 16:00:00,125.9,159.9,123.3,336.58,253.81,176.19,201.71,4226.52
6/8/2021 16:00:00,126.74,163.21,124.14,333.68,252.57,174.57,201.2,4227.26
6/9/2021 16:00:00,127.13,164.06,124.57,330.25,253.59,173.58,199.59,4219.55
6/10/2021 16:00:00,126.11,167.48,126.08,332.46,257.24,174.25,203.37,4239.18
6/11/2021 16:00:00,127.35,167.34,125.7,331.26,257.89,178.25,203.3,4247.44
6/14/2021 16:00:00,130.48,169.19,126.35,336.77,259.89,180.19,205.9,4255.15
6/15/2021 16:00:00,129.64,169.16,126.03,336.75,258.36,177.89,199.79,4246.59
6/16/2021 16:00:00,130.15,170.76,125.7,331.08,257.38,178.1,201.62,4223.7
6/17/2021 16:00:00,131.79,174.46,126.37,336.51,260.9,186.57,205.53,4221.86
6/18/2021 16:00:00,130.46,174.35,125.57,329.66,259.43,186.39,207.77,4166.45
6/21/2021 16:00:00,132.3,172.7,126.46,332.29,262.63,184.27,206.94,4224.79
6/22/2021 16:00:00,133.98,175.27,127,339.03,265.51,188.87,207.9,4246.44
6/23/2021 16:00:00,133.7,175.19,126.46,340.59,265.27,190.57,218.86,4241.84
6/24/2021 16:00:00,133.41,172.45,127.28,343.18,266.69,192.06,226.61,4266.49
6/25/2021 16:00:00,133.11,170.07,127,341.37,265.02,190.31,223.96,4280.7
6/28/2021 16:00:00,134.78,172.19,126.82,355.64,268.72,199.85,229.57,4290.61
6/29/2021 16:00:00,136.33,172.41,126.02,351.89,271.4,200.27,226.92,4291.8
6/30/2021 16:00:00,136.96,172.01,125.32,347.71,270.9,200.03,226.57,4297.5
7/1/2021 16:00:00,137.27,171.65,126.37,354.39,271.6,202.12,225.97,4319.94
7/2/2021 16:00:00,139.96,175.55,128.72,354.7,277.65,204.87,226.3,4352.34
7/6/2021 16:00:00,142.02,183.79,129.77,352.78,277.66,206.99,219.86,4343.54
7/7/2021 16:00:00,144.57,184.83,130.08,350.49,279.93,203.72,214.88,4358.13
7/8/2021 16:00:00,143.24,186.57,129.18,345.65,277.42,199.03,217.6,4320.82
7/9/2021 16:00:00,145.11,185.97,129.57,350.42,277.94,200.5,218.98,4369.55
7/12/2021 16:00:00,144.5,185.93,130.56,353.16,277.32,205.13,228.57,4384.63
7/13/2021 16:00:00,145.64,183.87,130.99,352.09,280.98,202.5,222.85,4369.21
7/14/2021 16:00:00,149.15,184.08,132.08,347.63,282.51,198.42,217.79,4374.3
7/15/2021 16:00:00,148.48,181.56,131.27,344.46,281.03,189.66,216.87,4360.03
7/16/2021 16:00:00,146.39,178.68,131.85,341.16,280.75,181.61,214.74,4327.16
7/19/2021 16:00:00,142.45,177.48,129.25,336.95,277.01,187.8,215.41,4258.49
7/20/2021 16:00:00,146.15,178.66,131.1,341.66,279.32,186.12,220.17,4323.06
7/21/2021 16:00:00,145.4,179.26,132.6,346.23,281.4,194.1,218.43,4358.69
7/22/2021 16:00:00,146.8,181.9,133.33,351.19,286.14,195.94,216.42,4367.48
7/23/2021 16:00:00,148.56,182.83,137.82,369.79,289.67,195.58,214.46,4411.79
7/26/2021 16:00:00,148.99,184.99,139.64,372.46,289.05,192.94,219.21,4422.3
7/27/2021 16:00:00,146.77,181.32,136.8,367.81,286.54,192.08,214.93,4401.46
7/28/2021 16:00:00,144.98,181.52,136.38,373.28,286.22,195.03,215.66,4400.64
7/29/2021 16:00:00,145.64,180,136.54,358.32,286.5,196.62,225.78,4419.15
7/30/2021 16:00:00,145.86,166.38,135.22,356.3,284.91,194.99,229.07,4395.26
8/2/2021 16:00:00,145.52,166.57,135.99,351.95,284.82,197.5,236.56,4387.16
8/3/2021 16:00:00,147.36,168.31,136.28,351.24,287.12,198.15,236.58,4423.15
8/4/2021 16:00:00,146.95,167.74,136.03,358.92,286.51,202.74,236.97,4402.66
8/5/2021 16:00:00,147.06,168.8,136.94,362.97,289.52,206.37,238.21,4429.1
8/6/2021 16:00:00,146.14,167.25,137.04,363.51,289.46,203.66,233.03,4436.52
8/9/2021 16:00:00,146.09,167.09,138,361.61,288.33,202.95,237.92,4432.35
8/10/2021 16:00:00,145.6,166.03,138.1,361.13,286.44,199.36,236.66,4436.75
8/11/2021 16:00:00,145.86,164.61,137.69,359.96,286.95,196.99,235.94,4447.7
8/12/2021 16:00:00,148.89,165.18,138.39,362.65,289.81,199.05,240.75,4460.83
8/13/2021 16:00:00,149.1,164.7,138.41,363.18,292.85,201.88,239.06,4468
8/16/2021 16:00:00,151.12,164.95,138.92,366.56,294.6,199.5,228.72,4479.71
8/17/2021 16:00:00,150.19,162.1,137.3,358.45,293.08,194.58,221.9,4448.08
8/18/2021 16:00:00,146.36,160.06,136.57,355.45,290.73,190.4,229.66,4400.27
8/19/2021 16:00:00,146.7,159.39,136.91,355.12,296.77,197.98,224.49,4405.8
8/20/2021 16:00:00,148.19,160,138.44,359.37,304.36,208.16,226.75,4441.67
8/23/2021 16:00:00,149.71,163.29,141.1,363.35,304.65,219.58,235.43,4479.53
8/24/2021 16:00:00,149.62,165.29,142.4,365.51,302.62,217.93,236.16,4486.23
8/25/2021 16:00:00,148.36,164.96,142.95,368.39,302.01,222.13,237.07,4496.19
8/26/2021 16:00:00,147.54,165.8,142.12,364.38,299.09,220.68,233.72,4470
8/27/2021 16:00:00,148.6,167.48,144.55,372.63,299.72,226.36,237.31,4509.37
8/30/2021 16:00:00,153.12,171.08,145.47,380.66,303.59,226.88,243.64,4528.79
8/31/2021 16:00:00,151.83,173.54,145.46,379.38,301.88,223.85,245.24,4522.68
9/1/2021 16:00:00,152.51,173.95,145.84,382.05,301.83,224.41,244.7,4524.09
9/2/2021 16:00:00,153.65,173.16,144.22,375.28,301.15,223.96,244.13,4536.95
9/3/2021 16:00:00,154.3,173.9,144.78,376.26,301.14,228.43,244.52,4535.43
9/7/2021 16:00:00,156.69,175.46,145.52,382.18,300.18,226.62,250.97,4520.03
9/8/2021 16:00:00,155.11,176.28,144.88,377.57,300.21,223.39,251.29,4514.07
9/9/2021 16:00:00,154.07,174.21,144.91,378,297.25,221.77,251.62,4493.28
9/10/2021 16:00:00,148.97,173.46,141.92,378.69,295.71,224.78,245.42,4458.58
9/13/2021 16:00:00,149.55,172.86,143.47,376.51,296.99,221.52,247.67,4468.73
9/14/2021 16:00:00,148.12,172.5,143.41,376.53,299.79,222.42,248.16,4443.05
9/15/2021 16:00:00,149.03,173.79,145.21,373.92,304.82,223.41,251.94,4480.7
9/16/2021 16:00:00,148.79,174.41,144.37,373.06,305.22,222.42,252.33,4473.75
9/17/2021 16:00:00,146.06,173.13,141.46,364.72,299.87,219,253.16,4432.99
9/20/2021 16:00:00,142.94,167.79,139.02,355.7,294.3,211.13,243.39,4357.73
9/21/2021 16:00:00,143.43,167.18,139.65,357.48,294.8,212.46,246.46,4354.19
9/22/2021 16:00:00,145.85,169,140.94,343.21,298.58,219.41,250.65,4395.64
9/23/2021 16:00:00,146.83,170.8,141.83,345.96,299.56,224.82,251.21,4448.98
9/24/2021 16:00:00,146.92,171.28,142.63,352.96,299.35,220.81,258.13,4455.48
9/27/2021 16:00:00,145.37,170.29,141.5,353.58,294.17,216.6,263.79,4443.11
9/28/2021 16:00:00,141.91,165.8,136.18,340.65,283.52,206.99,259.19,4352.63
9/29/2021 16:00:00,142.83,165.06,134.52,339.61,284,205.17,260.44,4359.46
9/30/2021 16:00:00,141.5,164.25,133.27,339.39,281.92,207.16,258.49,4307.54
10/1/2021 16:00:00,142.65,164.16,136.46,343.01,289.1,207.42,258.41,4357.04
10/4/2021 16:00:00,139.14,159.49,133.76,326.23,283.11,197.32,260.51,4300.46
10/5/2021 16:00:00,141.11,161.05,136.18,332.96,288.76,204.51,260.2,4345.72
10/6/2021 16:00:00,142,163.1,137.35,333.64,293.11,207,260.92,4363.55
10/7/2021 16:00:00,143.29,165.12,139.19,329.22,294.85,210.75,264.54,4399.76
10/8/2021 16:00:00,142.9,164.43,140.06,330.05,294.85,208.31,261.83,4391.34
10/11/2021 16:00:00,142.81,162.32,138.85,325.45,294.23,206.95,263.98,4361.19
10/12/2021 16:00:00,141.51,162.37,136.71,323.77,292.88,206.71,268.57,4350.65
10/13/2021 16:00:00,140.91,164.21,137.9,324.54,296.31,209.39,270.36,4363.8
10/14/2021 16:00:00,143.76,164.99,141.41,328.53,302.75,217.46,272.77,4438.26
10/15/2021 16:00:00,144.84,170.45,141.68,324.76,304.21,218.62,281.01,4471.37
10/18/2021 16:00:00,146.55,172.34,142.96,335.34,307.29,222.22,290.04,4486.46
10/19/2021 16:00:00,148.76,172.21,143.82,339.99,308.23,222.9,288.09,4519.63
10/20/2021 16:00:00,149.26,170.75,142.42,340.78,307.41,221.03,288.6,4536.19
10/21/2021 16:00:00,149.48,171.75,142.78,341.88,310.76,226.92,298,4549.78
10/22/2021 16:00:00,148.69,166.78,138.63,324.61,309.16,227.26,303.23,4544.9
10/25/2021 16:00:00,148.64,166.02,138.77,328.69,308.13,231.66,341.62,4566.48
10/26/2021 16:00:00,149.32,168.8,139.67,315.81,310.11,247.17,339.48,4574.79
10/27/2021 16:00:00,148.85,169.62,146.43,312.22,323.17,244.51,345.95,4551.68
10/28/2021 16:00:00,152.57,172.33,146.13,316.92,324.35,249.41,359.01,4596.42
10/29/2021 16:00:00,149.8,168.62,148.27,323.57,331.62,255.67,371.33,4605.38
11/1/2021 16:00:00,148.96,165.91,143.77,329.98,329.37,258.27,402.86,4613.67
11/2/2021 16:00:00,150.02,165.64,145.86,328.08,333.13,264.01,390.67,4630.65
11/3/2021 16:00:00,151.49,169.2,146.79,331.62,334,265.98,404.62,4660.57
11/4/2021 16:00:00,150.96,173.85,148.68,335.85,336.44,298.01,409.97,4680.06
11/5/2021 16:00:00,151.28,175.95,149.24,341.13,336.06,297.52,407.36,4697.53
11/8/2021 16:00:00,150.44,174.45,149.35,338.62,336.99,308.04,387.65,4701.7
11/9/2021 16:00:00,150.81,178.81,149.25,335.37,335.95,306.57,341.17,4685.25
11/10/2021 16:00:00,147.92,174.1,146.63,327.64,330.8,294.59,355.98,4646.71
11/11/2021 16:00:00,147.87,173.63,146.75,327.74,332.43,303.9,354.5,4649.27
11/12/2021 16:00:00,149.99,176.26,149.65,340.89,336.72,303.9,344.47,4682.85
11/15/2021 16:00:00,150,177.28,149.39,347.56,336.07,300.25,337.8,4682.8
11/16/2021 16:00:00,151,177.04,149.08,342.96,339.51,302.03,351.58,4700.9
11/17/2021 16:00:00,153.49,177.45,149.06,340.77,339.12,292.61,363,4688.67
11/18/2021 16:00:00,157.87,184.8,150.71,338.69,341.27,316.75,365.46,4704.54
11/19/2021 16:00:00,160.55,183.83,149.95,345.3,343.11,329.85,379.02,4697.96
11/22/2021 16:00:00,161.02,178.63,147.08,341.01,339.83,319.56,385.62,4682.94
11/23/2021 16:00:00,161.41,179,146.76,337.25,337.68,317.46,369.68,4690.7
11/24/2021 16:00:00,161.94,179.02,146.72,341.06,337.91,326.74,372,4701.46
11/26/2021 13:00:00,156.81,175.23,142.81,333.12,329.68,315.03,360.64,4594.62
11/29/2021 16:00:00,160.24,178.08,146.11,338.03,336.63,333.76,379,4655.27
11/30/2021 16:00:00,165.3,175.35,142.45,324.46,330.59,326.76,381.59,4567
12/1/2021 16:00:00,164.77,172.19,141.62,310.6,330.08,314.35,365,4513.04
12/2/2021 16:00:00,163.76,171.87,143.78,310.39,329.49,321.26,361.53,4577.1
12/3/2021 16:00:00,161.84,169.49,142.52,306.84,323.01,306.93,338.32,4538.43
12/6/2021 16:00:00,165.32,171.37,143.8,317.87,326.19,300.37,336.34,4591.67
12/7/2021 16:00:00,171.18,176.16,148.04,322.81,334.92,324.27,350.58,4686.75
12/8/2021 16:00:00,175.08,176.16,148.72,330.56,334.97,318.26,356.32,4701.21
12/9/2021 16:00:00,174.56,174.17,148.11,329.82,333.1,304.9,334.6,4667.45
12/10/2021 16:00:00,179.45,172.21,148.68,329.75,342.54,301.98,339.01,4712.02
12/13/2021 16:00:00,175.74,169.57,146.7,334.49,339.4,281.61,322.14,4668.97
12/14/2021 16:00:00,174.33,169.09,144.97,333.74,328.34,283.37,319.5,4634.09
12/15/2021 16:00:00,179.3,173.32,147.37,341.66,334.65,304.59,325.33,4709.85
12/16/2021 16:00:00,172.26,168.87,144.84,334.9,324.9,283.87,308.97,4668.67
12/17/2021 16:00:00,171.14,170.02,142.8,333.79,323.8,278.01,310.86,4620.64
12/20/2021 16:00:00,169.75,167.08,142.4,325.45,319.91,277.19,299.98,4568.02
12/21/2021 16:00:00,172.99,170.42,144.22,334.2,327.29,290.75,312.84,4649.23
12/22/2021 16:00:00,175.64,171.04,146.95,330.45,333.2,294,336.29,4696.56
12/23/2021 16:00:00,176.28,171.07,147.14,335.24,334.69,296.4,355.67,4725.79
12/27/2021 16:00:00,180.33,169.67,148.06,346.18,342.45,309.45,364.65,4791.19
12/28/2021 16:00:00,179.29,170.66,146.45,346.22,341.25,303.22,362.82,4786.35
12/29/2021 16:00:00,179.38,169.2,146.5,342.94,341.95,300.01,362.06,4793.06
12/30/2021 16:00:00,178.2,168.64,146,344.36,339.32,295.86,356.78,4778.73
12/31/2021 16:00:00,177.57,166.72,144.68,336.35,336.32,294.11,352.26,4766.18
1/3/2022 16:00:00,182.01,170.4,145.07,338.54,334.75,301.21,399.93,4796.56
1/4/2022 16:00:00,179.7,167.52,144.42,336.53,329.01,292.9,383.2,4793.54
1/5/2022 16:00:00,174.92,164.36,137.65,324.17,316.38,276.04,362.71,4700.58
1/6/2022 16:00:00,172,163.25,137.55,332.46,313.88,281.78,354.9,4696.05
1/7/2022 16:00:00,172.17,162.55,137,331.79,314.04,272.47,342.32,4677.03
1/10/2022 16:00:00,172.19,161.49,138.57,328.07,314.27,274,352.71,4670.29
1/11/2022 16:00:00,175.08,165.36,140.02,334.37,314.98,278.17,354.8,4713.07
1/12/2022 16:00:00,175.53,165.21,141.65,333.26,318.27,279.99,368.74,4726.35
1/13/2022 16:00:00,172.19,161.21,139.13,326.48,304.8,265.75,343.85,4659.03
1/14/2022 16:00:00,173.07,162.14,139.79,331.9,310.2,269.42,349.87,4662.85
1/18/2022 16:00:00,169.8,158.92,136.29,318.15,302.65,259.03,343.5,4577.11
1/19/2022 16:00:00,166.23,156.3,135.65,319.59,303.33,250.67,331.88,4532.76
1/20/2022 16:00:00,164.51,151.67,133.51,316.56,301.6,241.5,332.09,4482.73
1/21/2022 16:00:00,162.41,142.64,130.09,303.17,296.03,233.74,314.63,4397.94
1/24/2022 16:00:00,161.62,144.54,130.37,308.71,296.37,233.72,310,4410.13
1/25/2022 16:00:00,159.78,139.99,126.74,300.15,288.49,223.24,306.13,4356.45
1/26/2022 16:00:00,159.69,138.87,129.24,294.63,296.71,227.72,312.47,4349.93
1/27/2022 16:00:00,159.22,139.64,129.12,294.64,299.84,219.44,276.37,4326.51
1/28/2022 16:00:00,170.33,143.98,133.29,301.71,308.26,228.4,282.12,4431.85
1/31/2022 16:00:00,174.78,149.57,135.7,313.26,310.98,244.86,312.24,4515.55
2/1/2022 16:00:00,174.61,151.19,137.88,319,308.76,246.38,310.42,4546.54
2/2/2022 16:00:00,175.84,150.61,148.04,323,313.46,252.42,301.89,4589.38
2/3/2022 16:00:00,172.9,138.85,142.65,237.76,301.25,239.48,297.05,4477.44
2/4/2022 16:00:00,172.39,157.64,143.02,237.09,305.94,243.19,307.77,4500.53
2/7/2022 16:00:00,171.66,157.94,138.94,224.91,300.95,247.28,302.45,4483.87
2/8/2022 16:00:00,174.83,161.41,139.21,220.18,304.56,251.08,307.33,4521.54
2/9/2022 16:00:00,176.28,161.19,141.45,232,311.21,267.05,310.67,4587.18
2/10/2022 16:00:00,172.12,159,138.6,228.07,302.38,258.24,301.52,4504.08
2/11/2022 16:00:00,168.64,153.29,134.13,219.55,295.04,239.49,286.67,4418.64
2/14/2022 16:00:00,168.88,155.17,135.3,217.7,295,242.67,291.92,4401.67
2/15/2022 16:00:00,172.79,156.51,136.43,221,300.47,264.95,307.48,4471.07
2/16/2022 16:00:00,172.55,158.1,137.49,216.54,299.5,265.11,307.8,4475.01
2/17/2022 16:00:00,168.88,154.65,132.31,207.71,290.73,245.07,292.12,4380.26
2/18/2022 16:00:00,167.3,152.6,130.47,206.16,287.93,236.42,285.66,4348.87
2/22/2022 16:00:00,164.32,150.2,129.4,202.08,287.72,233.9,273.84,4304.76
2/23/2022 16:00:00,160.07,144.83,127.59,198.45,280.27,223.87,254.68,4225.5
2/24/2022 16:00:00,162.74,151.36,132.67,207.6,294.59,237.48,266.92,4288.7
2/25/2022 16:00:00,164.85,153.79,134.52,210.48,297.31,241.57,269.96,4384.65
2/28/2022 16:00:00,165.12,153.56,134.89,211.03,298.79,243.85,290.14,4373.94
3/1/2022 16:00:00,163.2,151.14,134.17,203.49,294.95,234.77,288.12,4306.26
3/2/2022 16:00:00,166.56,152.05,134.75,208.11,300.19,242.2,293.3,4386.54
3/3/2022 16:00:00,166.23,147.9,134.31,202.97,295.92,237.14,279.76,4363.49
3/4/2022 16:00:00,163.17,145.64,132.12,200.06,289.86,229.36,279.43,4328.87
3/7/2022 16:00:00,159.3,137.45,126.46,187.47,278.91,213.52,268.19,4201.09
3/8/2022 16:00:00,157.44,136.01,127.28,190.29,275.85,215.14,274.8,4170.7
3/9/2022 16:00:00,162.95,139.28,133.87,198.5,288.5,230.14,286.32,4277.88
3/10/2022 16:00:00,158.52,146.82,132.68,195.21,285.59,226.58,279.43,4259.52
3/11/2022 16:00:00,154.73,145.52,130.48,187.61,280.07,221,265.12,4204.31
3/14/2022 16:00:00,150.62,141.85,126.74,186.63,276.44,213.3,255.46,4173.11
3/15/2022 16:00:00,155.09,147.37,129.66,192.03,287.15,229.73,267.3,4262.45
3/16/2022 16:00:00,159.59,153.1,133.69,203.63,294.39,244.96,280.08,4357.86
3/17/2022 16:00:00,160.62,157.24,134.6,207.84,295.22,247.66,290.53,4411.67
3/18/2022 16:00:00,163.98,161.25,136.8,216.49,300.43,264.53,301.8,4463.12
3/21/2022 16:00:00,165.38,161.49,136.48,211.49,299.16,267.34,307.05,4461.18
3/22/2022 16:00:00,168.82,164.89,140.28,216.65,304.06,265.24,331.33,4511.61
3/23/2022 16:00:00,170.21,163.41,138.5,213.46,299.49,256.34,333.04,4456.24
3/24/2022 16:00:00,174.07,163.65,141.31,219.57,304.1,281.5,337.97,4520.16
3/25/2022 16:00:00,174.72,164.77,141.52,221.82,303.68,276.92,336.88,4543.06
3/28/2022 16:00:00,175.6,168.99,141.95,223.59,310.7,282.19,363.95,4575.52
3/29/2022 16:00:00,178.96,169.32,143.25,229.86,315.41,286.56,366.52,4631.6
3/30/2022 16:00:00,177.77,166.3,142.64,227.85,313.86,276.9,364.66,4602.45
3/31/2022 16:00:00,174.61,163,139.65,222.36,308.31,272.86,359.2,4530.41
4/1/2022 16:00:00,174.31,163.56,140.7,224.85,309.42,267.12,361.53,4545.86
4/4/2022 16:00:00,178.44,168.35,143.64,233.89,314.97,273.6,381.82,4582.64
4/5/2022 16:00:00,175.06,164.06,141.06,231.84,310.88,259.31,363.75,4525.12
4/6/2022 16:00:00,171.83,158.76,137.18,223.3,299.5,244.07,348.59,4481.15
4/7/2022 16:00:00,172.14,157.78,136.47,222.95,301.37,242.08,352.42,4500.21
4/8/2022 16:00:00,170.09,154.46,134.01,222.33,296.97,231.19,341.83,4488.28
4/11/2022 16:00:00,165.75,151.12,129.8,216.46,285.26,219.17,325.31,4412.53
4/12/2022 16:00:00,167.66,150.79,128.37,214.14,282.06,215.04,328.98,4397.45
4/13/2022 16:00:00,170.4,155.54,130.29,214.99,287.62,222.03,340.79,4446.59
4/14/2022 16:00:00,165.29,151.71,127.25,210.18,279.83,212.58,328.33,4392.59
4/18/2022 16:00:00,165.07,152.79,127.96,210.77,280.52,217.83,334.76,4391.69
4/19/2022 16:00:00,167.4,158.12,130.53,217.31,285.3,221.98,342.72,4462.21
4/20/2022 16:00:00,167.23,154,128.25,200.42,286.36,214.82,325.73,4459.45
4/21/2022 16:00:00,166.42,148.3,124.94,188.07,280.81,201.83,336.26,4393.66
4/22/2022 16:00:00,161.79,144.35,119.61,184.11,274.03,195.15,335.02,4271.78
4/25/2022 16:00:00,162.88,146.07,123.25,186.99,280.72,199.02,332.67,4296.12
4/26/2022 16:00:00,156.8,139.39,119.51,180.95,270.22,187.88,292.14,4175.2
4/27/2022 16:00:00,156.57,138.17,115.02,174.95,283.22,184.15,293.84,4183.96
4/28/2022 16:00:00,163.64,144.6,119.41,205.73,289.63,197.82,292.5,4287.5
4/29/2022 16:00:00,157.65,124.28,114.97,200.47,277.52,185.47,290.25,4131.93
5/2/2022 16:00:00,157.96,124.5,117.16,211.13,284.47,195.33,300.98,4155.38
5/3/2022 16:00:00,159.48,124.25,118.13,212.03,281.78,196.02,303.08,4175.48
5/4/2022 16:00:00,166.02,125.93,122.58,223.41,289.98,203.34,317.54,4300.17
5/5/2022 16:00:00,156.77,116.41,116.75,208.28,277.35,188.44,291.09,4146.87
5/6/2022 16:00:00,157.28,114.77,115.66,203.77,274.73,186.75,288.55,4123.34
5/9/2022 16:00:00,152.06,108.79,113.08,196.21,264.58,169.5,262.37,3991.24
5/10/2022 16:00:00,154.51,108.86,114.58,197.65,269.5,175.95,266.68,4001.05
5/11/2022 16:00:00,146.5,105.37,113.96,188.74,260.55,166.3,244.67,3935.18
5/12/2022 16:00:00,142.56,106.93,113.16,191.24,255.35,161.75,242.67,3930.08
5/13/2022 16:00:00,147.11,113.06,116.52,198.62,261.12,177.06,256.53,4023.89
5/16/2022 16:00:00,145.54,110.81,114.79,200.04,261.5,172.64,241.46,4008.01
5/17/2022 16:00:00,149.24,115.37,116.7,202.62,266.82,181.77,253.87,4088.85
5/18/2022 16:00:00,140.82,107.11,112.4,192.24,254.08,169.38,236.6,3923.68
5/19/2022 16:00:00,137.35,107.32,110.75,191.29,253.14,171.24,236.47,3900.79
5/20/2022 16:00:00,137.59,107.59,109.31,193.54,252.56,166.94,221.3,3901.36
5/23/2022 16:00:00,143.11,107.56,111.67,196.23,260.65,168.98,224.97,3973.75
5/24/2022 16:00:00,140.36,104.1,105.93,181.28,259.62,161.54,209.39,3941.48
5/25/2022 16:00:00,140.52,106.78,105.84,183.83,262.52,169.75,219.6,3978.73
5/26/2022 16:00:00,143.78,111.08,108.3,191.63,265.9,178.51,235.91,4057.84
5/27/2022 16:00:00,149.64,115.15,112.8,195.13,273.24,188.11,253.21,4158.24
5/31/2022 16:00:00,148.84,120.21,114.04,193.64,271.87,186.72,252.75,4132.15
6/1/2022 16:00:00,148.71,121.68,114.14,188.64,272.42,183.2,246.79,4101.23
6/2/2022 16:00:00,151.21,125.51,117.75,198.86,274.58,195.92,258.33,4176.82
6/3/2022 16:00:00,145.38,122.35,114.56,190.78,270.02,187.2,234.52,4108.54
6/6/2022 16:00:00,146.14,124.79,117.01,194.25,268.75,187.86,238.28,4121.43
6/7/2022 16:00:00,148.71,123,117.23,195.65,272.5,189.26,238.89,4160.68
6/8/2022 16:00:00,147.96,121.18,117.24,196.64,270.41,186.48,241.87,4115.77
6/9/2022 16:00:00,142.64,116.15,114.92,184,264.79,180.48,239.71,4017.82
6/10/2022 16:00:00,137.13,109.65,111.43,175.57,252.99,169.74,232.23,3900.86
6/13/2022 16:00:00,131.88,103.67,106.88,164.26,242.26,156.47,215.74,3749.63
6/14/2022 16:00:00,132.76,102.31,107.19,163.73,244.49,158.36,220.89,3735.48
6/15/2022 16:00:00,135.43,107.67,110.39,169.35,251.76,165.27,233,3789.99
6/16/2022 16:00:00,130.06,103.66,106.64,160.87,244.97,156.01,213.1,3666.77
6/17/2022 16:00:00,131.56,106.22,107.87,163.74,247.65,158.8,216.76,3674.84
6/21/2022 16:00:00,135.87,108.68,112.02,157.05,253.74,165.66,237.04,3764.79
6/22/2022 16:00:00,135.35,108.95,112.03,155.85,253.13,163.6,236.09,3759.89
6/23/2022 16:00:00,138.27,112.44,112.68,158.75,258.86,162.25,235.07,3795.73
6/24/2022 16:00:00,141.66,116.46,118.54,170.16,267.7,171.26,245.71,3911.74
6/27/2022 16:00:00,141.66,113.22,116.62,169.49,264.89,168.69,244.92,3900.11
6/28/2022 16:00:00,137.44,107.4,112.57,160.68,256.48,159.82,232.66,3821.55
6/29/2022 16:00:00,139.23,108.92,112.26,163.94,260.26,155.42,228.49,3818.83
6/30/2022 16:00:00,136.72,106.21,109.37,161.25,256.83,151.59,224.47,3785.38
7/1/2022 16:00:00,138.93,109.56,109.08,160.03,259.58,145.23,227.26,3825.33
7/5/2022 16:00:00,141.56,113.5,113.89,168.19,262.85,149.64,233.07,3831.39
7/6/2022 16:00:00,142.92,114.33,115.21,169.77,266.21,151.3,231.73,3845.08
7/7/2022 16:00:00,146.35,116.33,119.31,172.19,268.4,158.58,244.54,3902.62
7/8/2022 16:00:00,147.04,115.54,120.17,170.88,267.66,158.38,250.76,3899.38
7/11/2022 16:00:00,144.87,111.75,116.52,162.88,264.51,151.52,234.34,3854.43
7/12/2022 16:00:00,145.86,109.22,114.85,163.27,253.67,150.82,233.07,3818.8
7/13/2022 16:00:00,145.49,110.4,112.19,163.49,252.72,151.64,237.04,3801.78
7/14/2022 16:00:00,148.47,110.63,111.44,158.05,254.08,153.72,238.31,3790.38
7/15/2022 16:00:00,150.17,113.55,112.77,164.7,256.72,157.62,240.07,3863.16
7/18/2022 16:00:00,147.07,113.76,109.91,167.23,254.25,161.01,240.55,3830.85
7/19/2022 16:00:00,151,118.21,114.62,175.78,259.53,169.92,245.53,3936.69
7/20/2022 16:00:00,153.04,122.77,114.7,183.09,262.27,178.07,247.5,3959.9
7/21/2022 16:00:00,155.35,124.63,115.04,183.17,264.84,180.5,271.71,3998.95
7/22/2022 16:00:00,154.09,122.42,108.36,169.27,260.36,173.19,272.24,3961.63
7/25/2022 16:00:00,152.95,121.14,108.21,166.65,258.83,170.24,268.43,3966.84
7/26/2022 16:00:00,151.6,114.81,105.44,159.15,251.9,165.33,258.86,3921.05
7/27/2022 16:00:00,156.79,120.97,113.6,169.58,268.74,177.9,274.82,4023.61
7/28/2022 16:00:00,157.35,122.28,114.59,160.72,276.41,179.84,280.9,4072.43
7/29/2022 16:00:00,162.51,134.95,116.64,159.1,280.74,181.63,297.15,4130.29
8/1/2022 16:00:00,161.51,135.39,115.48,159.93,278.01,184.41,297.28,4118.63
8/2/2022 16:00:00,160.01,134.16,115.9,160.19,274.82,185.26,300.59,4091.19
8/3/2022 16:00:00,166.13,139.52,118.78,168.8,282.47,188.93,307.4,4155.17
8/4/2022 16:00:00,165.81,142.57,118.87,170.57,283.65,192.15,308.63,4151.94
8/5/2022 16:00:00,165.35,140.8,118.22,167.11,282.91,189.89,288.17,4145.19
8/8/2022 16:00:00,164.87,139.41,118.14,170.25,280.32,177.93,290.42,4140.06
8/9/2022 16:00:00,164.92,137.83,117.5,168.53,282.3,170.86,283.33,4122.47
8/10/2022 16:00:00,169.24,142.69,120.65,178.34,289.16,180.97,294.36,4210.24
8/11/2022 16:00:00,168.49,140.64,119.82,177.49,287.02,179.42,286.63,4207.27
8/12/2022 16:00:00,172.1,143.55,122.65,180.5,291.91,187.09,300.03,4280.15
8/15/2022 16:00:00,173.19,143.18,122.88,180.89,293.47,190.32,309.32,4297.14
8/16/2022 16:00:00,173.03,144.78,122.51,179.47,292.71,188.79,306.56,4305.2
8/17/2022 16:00:00,174.55,142.1,120.32,174.85,291.32,183.35,304,4274.04
8/18/2022 16:00:00,174.15,142.3,120.86,174.66,290.17,187.73,302.87,4283.74
8/19/2022 16:00:00,171.52,138.23,118.12,167.96,286.15,178.49,296.67,4228.48
8/22/2022 16:00:00,167.57,133.22,115.07,163.05,277.75,170.34,289.91,4137.99
8/23/2022 16:00:00,167.23,133.62,114.77,161.11,276.44,171.81,296.45,4128.73
8/24/2022 16:00:00,167.53,133.8,114.7,163.26,275.79,172.22,297.1,4140.77
8/25/2022 16:00:00,170.03,137.28,117.7,168.78,278.85,179.13,296.07,4199.12
8/26/2022 16:00:00,163.62,130.75,111.3,161.78,268.09,162.6,288.09,4057.66
8/29/2022 16:00:00,161.38,129.79,110.34,159.17,265.23,158.01,284.82,4030.61
8/30/2022 16:00:00,158.91,128.73,109.91,157.16,262.97,154.68,277.7,3986.16
8/31/2022 16:00:00,157.22,126.77,109.15,162.93,261.47,150.94,275.61,3955
9/1/2022 16:00:00,157.96,127.82,110.55,165.36,260.4,139.37,277.16,3966.85
9/2/2022 16:00:00,155.81,127.51,108.68,160.32,256.06,136.47,270.21,3924.26
9/6/2022 16:00:00,154.53,126.11,107.48,158.54,253.25,134.65,274.42,3908.19
9/7/2022 16:00:00,155.96,129.48,110.48,160.39,258.09,137.14,283.7,3979.87
9/8/2022 16:00:00,154.46,129.82,109.42,162.06,258.52,139.9,289.26,4006.18
9/9/2022 16:00:00,157.37,133.27,111.78,169.15,264.46,143.87,299.68,4067.36
9/12/2022 16:00:00,163.43,136.45,111.87,168.96,266.65,145.05,304.42,4110.41
9/13/2022 16:00:00,153.84,126.82,105.31,153.13,251.99,131.31,292.13,3932.69
9/14/2022 16:00:00,155.31,128.55,105.87,151.47,252.22,131.28,302.61,3946.01
9/15/2022 16:00:00,152.37,126.28,103.9,149.55,245.38,129.29,303.75,3901.35
9/16/2022 16:00:00,150.7,123.53,103.63,146.29,244.74,131.98,303.35,3873.33
9/19/2022 16:00:00,154.48,124.66,103.85,148.02,244.52,133.82,309.07,3899.89
9/20/2022 16:00:00,156.9,122.19,101.83,146.09,242.45,131.76,308.73,3855.93
9/21/2022 16:00:00,153.72,118.54,100.01,142.12,238.95,132.61,300.8,3789.93
9/22/2022 16:00:00,152.74,117.31,100.57,142.82,240.98,125.61,288.59,3757.99
9/23/2022 16:00:00,150.43,113.78,99.17,140.41,237.92,125.16,275.33,3693.23
9/26/2022 16:00:00,150.77,115.15,98.81,136.37,237.45,122.28,276.01,3655.04
9/27/2022 16:00:00,151.76,114.41,98.09,134.4,236.41,124.13,282.94,3647.29
9/28/2022 16:00:00,149.84,118.01,100.74,141.61,241.07,127.36,287.81,3719.04
9/29/2022 16:00:00,142.48,114.8,98.09,136.41,237.5,122.2,268.21,3640.47
9/30/2022 16:00:00,138.2,113,96.15,135.68,232.9,121.39,265.25,3585.62
10/3/2022 16:00:00,142.45,115.88,99.3,138.61,240.74,125.12,242.4,3678.43
10/4/2022 16:00:00,146.1,121.09,102.41,140.28,248.88,131.67,249.44,3790.93
10/5/2022 16:00:00,146.4,120.95,102.22,138.98,249.2,132.09,240.81,3783.28
10/6/2022 16:00:00,145.43,120.3,102.24,139.07,246.79,131.3,238.13,3744.52
10/7/2022 16:00:00,140.09,114.56,99.57,133.45,234.24,120.76,223.07,3639.66
10/10/2022 16:00:00,140.42,113.67,98.71,133.79,229.25,116.7,222.96,3612.39
10/11/2022 16:00:00,138.98,112.21,98.05,128.54,225.41,115.86,216.5,3588.84
10/12/2022 16:00:00,138.34,112.9,98.3,127.5,225.75,115,217.24,3577.03
10/13/2022 16:00:00,142.99,112.53,99.71,130.29,234.24,119.6,221.72,3669.91
10/14/2022 16:00:00,138.38,106.9,97.18,126.76,228.56,112.27,204.99,3583.07
10/17/2022 16:00:00,142.41,113.79,100.78,134.04,237.53,118.88,219.35,3677.95
10/18/2022 16:00:00,143.75,116.36,101.39,132.8,238.5,119.67,220.19,3719.98
10/19/2022 16:00:00,143.86,115.07,100.29,133.23,236.48,120.51,222.04,3695.16
10/20/2022 16:00:00,143.39,115.25,100.53,131.53,236.15,121.94,207.28,3665.78
10/21/2022 16:00:00,147.27,119.32,101.48,130.01,242.12,124.66,214.44,3752.75
10/24/2022 16:00:00,149.45,119.82,102.97,129.72,247.25,125.99,211.25,3797.34
10/25/2022 16:00:00,152.34,120.6,104.93,137.51,250.66,132.61,222.42,3859.11
10/26/2022 16:00:00,149.35,115.66,94.82,129.82,231.32,128.96,224.64,3830.6
10/27/2022 16:00:00,144.8,110.96,92.6,97.94,226.75,131.76,225.09,3807.3
10/28/2022 16:00:00,155.74,103.41,96.58,99.2,235.87,138.34,228.52,3901.06
10/31/2022 16:00:00,153.34,102.44,94.66,93.16,232.13,134.97,227.54,3871.98
11/1/2022 16:00:00,150.65,96.79,90.5,95.2,228.17,135.43,227.82,3856.1
11/2/2022 16:00:00,145.03,92.12,87.07,90.54,220.1,132.19,214.98,3759.69
11/3/2022 16:00:00,138.88,89.3,83.49,88.91,214.25,134.21,215.31,3719.89
11/4/2022 16:00:00,138.38,90.98,86.7,90.79,221.39,141.56,207.47,3770.55
11/7/2022 16:00:00,138.92,90.53,88.65,96.72,227.87,143.01,197.08,3806.8
11/8/2022 16:00:00,139.5,89.98,88.91,96.47,228.87,146.02,191.3,3828.11
11/9/2022 16:00:00,134.87,86.14,87.4,101.47,224.51,137.76,177.59,3748.57
11/10/2022 16:00:00,146.87,96.63,94.17,111.87,242.98,157.5,190.72,3956.37
11/11/2022 16:00:00,149.7,100.79,96.73,113.02,247.11,163.27,195.97,3992.93
11/14/2022 16:00:00,148.28,98.49,96.03,114.22,241.55,162.95,190.95,3957.25
11/15/2022 16:00:00,150.04,98.94,98.72,117.08,241.97,166.66,194.42,3991.73
11/16/2022 16:00:00,148.79,97.12,98.99,113.23,241.73,159.1,186.92,3958.79
11/17/2022 16:00:00,150.72,94.85,98.5,111.45,241.68,156.77,183.17,3946.56
11/18/2022 16:00:00,151.29,94.14,97.8,112.05,241.22,154.09,180.19,3965.34
11/21/2022 16:00:00,148.01,92.46,95.83,109.86,242.05,153.17,167.87,3949.94
11/22/2022 16:00:00,150.18,93.2,97.33,111.44,245.03,160.38,169.91,4003.58
11/23/2022 16:00:00,151.07,94.13,98.82,112.24,247.58,165.19,183.2,4027.26
11/25/2022 13:05:00,148.11,93.41,97.6,111.41,247.49,162.7,182.86,4026.12
11/28/2022 16:00:00,144.22,93.95,96.25,108.78,241.76,158.27,182.92,3963.94
11/29/2022 16:00:00,141.17,92.42,95.44,109.46,240.33,156.39,180.83,3957.63
11/30/2022 16:00:00,148.03,96.54,101.45,118.1,255.14,169.23,194.7,4080.11
12/1/2022 16:00:00,148.31,95.5,101.28,120.44,254.69,171.35,194.7,4076.57
12/2/2022 16:00:00,147.81,94.13,100.83,123.49,255.02,168.76,194.86,4071.7
12/5/2022 16:00:00,146.63,91.01,99.87,122.43,250.2,166.1,182.45,3998.84
12/6/2022 16:00:00,142.91,88.25,97.31,114.12,245.12,159.87,179.82,3941.26
12/7/2022 16:00:00,140.94,88.46,95.15,113.93,244.37,161.2,174.04,3933.92
12/8/2022 16:00:00,142.65,90.35,93.95,115.33,247.4,171.69,173.44,3963.51
12/9/2022 16:00:00,142.16,89.09,93.07,115.9,245.42,170.01,179.05,3934.38
12/12/2022 16:00:00,144.49,90.55,93.56,114.71,252.51,175.35,167.82,3990.56
12/13/2022 16:00:00,145.47,92.49,95.85,120.15,256.92,180.72,160.95,4019.65
12/14/2022 16:00:00,143.21,91.58,95.31,121.59,257.22,176.74,156.8,3995.32
12/15/2022 16:00:00,136.5,88.45,91.2,116.15,249.01,169.52,157.67,3895.75
12/16/2022 16:00:00,134.51,87.86,90.86,119.43,244.69,165.71,150.23,3852.36
12/19/2022 16:00:00,132.37,84.92,89.15,114.48,240.45,162.54,149.87,3817.66
12/20/2022 16:00:00,132.3,85.19,89.63,117.09,241.8,160.85,137.8,3821.62
12/21/2022 16:00:00,135.45,86.77,90.25,119.76,244.43,165.01,137.57,3878.44
12/22/2022 16:00:00,132.23,83.79,88.26,117.12,238.19,153.39,125.35,3822.39
12/23/2022 16:00:00,131.86,85.25,89.81,118.04,238.73,152.06,123.15,3844.82
12/27/2022 16:00:00,130.03,83.04,87.93,116.88,236.96,141.21,109.1,3829.25
12/28/2022 16:00:00,126.04,81.82,86.46,115.62,234.53,140.36,112.71,3783.22
12/29/2022 16:00:00,129.61,84.18,88.95,120.26,241.01,146.03,121.82,3849.28
12/30/2022 16:00:00,129.93,84,88.73,120.34,239.82,146.14,123.18,3839.5
1/3/2023 16:00:00,125.07,85.82,89.7,124.74,239.58,143.15,108.1,3824.14
1/4/2023 16:00:00,126.36,85.14,88.71,127.37,229.1,147.49,113.64,3852.97
1/5/2023 16:00:00,125.02,83.12,86.77,126.94,222.31,142.65,110.34,3808.1
1/6/2023 16:00:00,129.62,86.08,88.16,130.02,224.93,148.59,113.06,3895.08
1/9/2023 16:00:00,130.15,87.36,88.8,129.47,227.12,156.28,119.77,3892.09
1/10/2023 16:00:00,130.73,89.87,89.24,132.99,228.85,159.09,118.85,3919.25
1/11/2023 16:00:00,133.49,95.09,92.26,132.89,235.77,160.01,123.22,3969.61
1/12/2023 16:00:00,133.41,95.27,91.91,136.71,238.51,165.11,123.56,3983.17
1/13/2023 16:00:00,134.76,98.12,92.8,136.98,239.23,168.99,122.4,3999.09
1/17/2023 16:00:00,135.94,96.05,92.16,135.36,240.35,177.02,131.49,3990.97
1/18/2023 16:00:00,135.21,95.46,91.78,133.02,235.81,173.77,128.78,3928.86
1/19/2023 16:00:00,135.27,93.68,93.91,136.15,231.93,167.65,127.17,3898.85
1/20/2023 16:00:00,137.87,97.25,99.28,139.37,240.22,178.39,133.42,3972.61
1/23/2023 16:00:00,141.11,97.52,101.21,143.27,242.58,191.93,143.75,4019.81
1/24/2023 16:00:00,142.53,96.32,99.21,143.14,242.04,192.65,143.89,4016.95
1/25/2023 16:00:00,141.86,97.18,96.73,141.5,240.61,193.23,144.43,4016.22
1/26/2023 16:00:00,143.96,99.22,99.16,147.3,248,198.02,160.27,4060.43
1/27/2023 16:00:00,145.93,102.24,100.71,151.74,248.16,203.65,177.9,4070.56
1/30/2023 16:00:00,143,100.55,97.95,147.06,242.71,191.62,166.66,4017.77
1/31/2023 16:00:00,144.29,103.13,99.87,148.97,247.81,195.37,173.22,4076.6
2/1/2023 16:00:00,145.43,105.15,101.43,153.12,252.75,209.43,181.41,4119.21
2/2/2023 16:00:00,150.82,112.91,108.8,188.77,264.6,217.09,188.27,4179.76
2/3/2023 16:00:00,154.5,103.39,105.22,186.53,258.35,211,189.98,4136.48
2/6/2023 16:00:00,151.73,102.18,103.47,186.06,256.77,210.89,194.76,4111.08
2/7/2023 16:00:00,154.65,102.11,108.04,191.62,267.56,221.73,196.81,4164
2/8/2023 16:00:00,151.92,100.05,100,183.43,266.73,222.05,201.29,4117.86
2/9/2023 16:00:00,150.87,98.24,95.46,177.92,263.62,223.37,207.32,4081.5
2/10/2023 16:00:00,151.01,97.61,94.86,174.15,263.1,212.65,196.89,4090.46
2/13/2023 16:00:00,153.85,99.54,95,179.43,271.32,217.88,194.64,4137.29
2/14/2023 16:00:00,153.2,99.7,94.95,179.48,272.17,229.71,209.25,4136.13
2/15/2023 16:00:00,155.33,101.16,97.1,177.16,269.32,227.64,214.24,4147.6
2/16/2023 16:00:00,153.71,98.15,95.78,172.44,262.15,220.02,202.04,4090.41
2/17/2023 16:00:00,152.55,97.2,94.59,172.88,258.06,213.88,208.31,4079.09
2/21/2023 16:00:00,148.48,94.58,92.05,172.08,252.67,206.55,197.37,3997.34
2/22/2023 16:00:00,148.91,95.79,91.8,171.12,251.51,207.54,200.86,3991.05
2/23/2023 16:00:00,149.4,95.82,91.07,172.04,254.77,236.64,202.07,4012.32
2/24/2023 16:00:00,146.71,93.5,89.35,170.39,249.22,232.86,196.88,3970.04
2/27/2023 16:00:00,147.92,93.76,90.1,169.54,250.16,235.01,207.63,3982.24
2/28/2023 16:00:00,147.41,94.23,90.3,174.94,249.42,232.16,205.71,3970.15
3/1/2023 16:00:00,145.31,92.17,90.51,173.42,246.27,226.98,202.77,3951.39
3/2/2023 16:00:00,145.91,92.13,92.31,174.53,251.11,233.14,190.9,3981.35
3/3/2023 16:00:00,151.03,94.9,94.02,185.25,255.29,238.9,197.79,4045.64
3/6/2023 16:00:00,153.83,93.75,95.58,184.9,256.87,235.54,193.81,4048.42
3/7/2023 16:00:00,151.6,93.55,94.17,184.51,254.15,232.88,187.71,3986.37
3/8/2023 16:00:00,152.87,93.92,94.65,184.97,253.7,241.81,182,3992.01
3/9/2023 16:00:00,150.59,92.25,92.66,181.69,252.32,234.36,172.92,3918.32
3/10/2023 16:00:00,148.5,90.73,91.01,179.51,248.59,229.65,173.44,3861.59
3/13/2023 16:00:00,150.47,92.43,91.66,180.9,253.92,229.66,174.48,3855.76
3/14/2023 16:00:00,152.59,94.88,94.25,194.02,260.79,240.63,183.26,3919.29
3/15/2023 16:00:00,152.99,96.2,96.55,197.75,265.44,242.28,180.45,3891.93
3/16/2023 16:00:00,155.85,100.04,101.07,204.93,276.2,255.41,184.13,3960.28
3/17/2023 16:00:00,155,98.95,102.46,195.61,279.43,257.25,180.13,3916.64
3/20/2023 16:00:00,157.4,97.71,101.93,197.81,272.23,259,183.25,3951.57
3/21/2023 16:00:00,159.28,100.61,105.84,202.16,273.78,261.99,197.58,4002.87
3/22/2023 16:00:00,157.83,98.7,104.22,199.81,272.29,264.68,191.15,3936.97
3/23/2023 16:00:00,158.93,98.71,106.26,204.28,277.66,271.91,192.22,3948.72
3/24/2023 16:00:00,160.25,98.13,106.06,206.01,280.57,267.79,190.41,3970.99
3/27/2023 16:00:00,158.28,98.04,103.06,202.84,276.38,265.31,191.81,3977.53
3/28/2023 16:00:00,157.65,97.24,101.36,200.68,275.23,264.1,189.19,3971.27
3/29/2023 16:00:00,160.77,100.25,101.9,205.35,280.51,269.84,193.88,4027.81
3/30/2023 16:00:00,162.36,102,101.32,207.84,284.05,273.83,195.28,4050.83
3/31/2023 16:00:00,164.9,103.29,104,211.94,288.3,277.77,207.46,4109.31
4/3/2023 16:00:00,166.17,102.41,104.91,213.07,287.23,279.65,194.77,4124.51
4/4/2023 16:00:00,165.63,103.95,105.12,214.72,287.18,274.53,192.58,4100.6
4/5/2023 16:00:00,163.76,101.1,104.95,211.48,284.34,268.81,185.52,4090.38
4/6/2023 16:00:00,164.66,102.06,108.9,216.1,291.6,270.37,185.06,4105.02
4/10/2023 16:00:00,162.03,102.17,106.95,214.75,289.39,275.79,184.51,4109.11
4/11/2023 16:00:00,160.8,99.92,106.12,213.85,282.83,271.69,186.79,4108.94
4/12/2023 16:00:00,160.1,97.83,105.22,214,283.49,264.95,180.54,4091.95
4/13/2023 16:00:00,165.56,102.4,108.19,220.35,289.84,264.63,185.9,4146.22
4/14/2023 16:00:00,165.21,102.51,109.46,221.49,286.14,267.58,185,4137.64
4/17/2023 16:00:00,165.23,102.74,106.42,218.86,288.8,270.02,187.04,4151.32
4/18/2023 16:00:00,166.47,102.3,105.12,217.89,288.37,276.67,184.31,4154.87
4/19/2023 16:00:00,167.63,104.3,105.02,215.7,288.45,279.31,180.59,4154.52
4/20/2023 16:00:00,166.65,103.81,105.9,213.07,286.11,271.04,162.99,4129.79
4/21/2023 16:00:00,165.02,106.96,105.91,212.89,285.76,271.19,165.08,4133.52
4/24/2023 16:00:00,165.33,106.21,106.78,212.79,281.77,270.42,162.55,4137.04
4/25/2023 16:00:00,163.77,102.57,104.61,207.55,275.42,262.41,160.67,4071.63
4/26/2023 16:00:00,163.76,104.98,104.45,209.4,295.37,269.56,153.75,4055.99
4/27/2023 16:00:00,168.41,109.82,108.37,238.56,304.83,272.26,160.19,4135.35
4/28/2023 16:00:00,169.68,105.45,108.22,240.32,307.26,277.49,164.31,4169.48
5/1/2023 16:00:00,169.59,102.05,107.71,243.18,305.56,289.1,161.83,4167.87
5/2/2023 16:00:00,168.54,103.63,105.98,239.24,305.41,282.1,160.31,4119.58
5/3/2023 16:00:00,167.45,103.65,106.12,237.03,304.4,278.02,160.61,4090.75
5/4/2023 16:00:00,165.79,104,105.21,233.52,305.41,275.62,161.2,4061.22
5/5/2023 16:00:00,173.57,105.66,106.22,232.78,310.65,286.8,170.06,4136.25
5/8/2023 16:00:00,173.5,105.83,108.24,233.27,308.65,291.51,171.79,4138.12
5/9/2023 16:00:00,171.77,106.62,107.94,233.37,307,285.71,169.15,4119.17
5/10/2023 16:00:00,173.56,110.19,112.28,233.08,312.31,288.85,168.54,4137.64
5/11/2023 16:00:00,173.75,112.18,116.9,235.79,310.11,285.78,172.08,4130.62
5/12/2023 16:00:00,172.57,110.26,117.92,233.81,308.97,283.4,167.98,4124.08
5/15/2023 16:00:00,172.07,111.2,116.96,238.86,309.46,289.53,166.35,4136.28
5/16/2023 16:00:00,172.07,113.4,120.09,238.82,311.74,292.13,166.52,4109.9
5/17/2023 16:00:00,172.69,115.5,121.48,242.49,314,301.78,173.86,4158.77
5/18/2023 16:00:00,175.05,118.15,123.52,246.85,318.52,316.78,176.89,4198.05
5/19/2023 16:00:00,175.16,116.25,123.25,245.64,318.34,312.64,180.14,4191.98
5/22/2023 16:00:00,174.2,115.01,125.87,248.32,321.18,311.76,188.87,4192.63
5/23/2023 16:00:00,171.56,114.99,123.29,246.74,315.26,306.88,185.77,4145.58
5/24/2023 16:00:00,171.84,116.75,121.64,249.21,313.85,305.38,182.9,4115.24
5/25/2023 16:00:00,172.99,115,124.35,252.69,325.92,379.8,184.47,4151.28
5/26/2023 16:00:00,175.43,120.11,125.43,262.04,332.89,389.46,193.17,4205.45
5/30/2023 16:00:00,177.3,121.66,124.64,262.52,331.21,401.11,201.16,4205.52
5/31/2023 16:00:00,177.25,120.58,123.37,264.72,328.39,378.34,203.93,4179.83
6/1/2023 16:00:00,180.09,122.77,124.37,272.61,332.58,397.7,207.52,4221.02
6/2/2023 16:00:00,180.95,124.25,125.23,272.61,335.4,393.27,213.97,4282.37
6/5/2023 16:00:00,179.58,125.3,126.63,271.39,335.94,391.71,217.61,4273.79
6/6/2023 16:00:00,179.21,126.61,127.91,271.12,333.68,386.54,221.31,4283.85
6/7/2023 16:00:00,177.82,121.23,122.94,263.6,323.38,374.75,224.57,4267.52
6/8/2023 16:00:00,180.57,124.25,122.67,264.58,325.26,385.1,234.86,4293.93
6/9/2023 16:00:00,180.96,123.43,122.87,264.95,326.79,387.7,244.4,4298.86
6/12/2023 16:00:00,183.79,126.57,124.35,271.05,331.85,394.82,249.83,4338.93
6/13/2023 16:00:00,183.31,126.66,124.43,271.32,334.29,410.22,258.71,4369.01
6/14/2023 16:00:00,183.95,126.42,124.38,273.35,337.34,429.97,256.79,4372.59
6/15/2023 16:00:00,186.01,127.11,125.79,281.83,348.1,426.53,255.9,4425.84
6/16/2023 16:00:00,184.92,125.49,124.06,281,342.33,426.92,260.54,4409.59
6/20/2023 16:00:00,185.01,125.78,123.85,284.33,338.05,438.08,274.45,4388.71
6/21/2023 16:00:00,183.96,124.83,121.26,281.64,333.56,430.45,259.46,4365.69
6/22/2023 16:00:00,187,130.15,123.87,284.88,339.71,430.25,264.61,4381.89
6/23/2023 16:00:00,186.68,129.33,123.02,288.73,335.02,422.09,256.6,4348.33
6/26/2023 16:00:00,185.27,127.33,119.09,278.47,328.6,406.32,241.05,4328.82
6/27/2023 16:00:00,188.06,129.18,119.01,287.05,334.57,418.76,250.21,4378.41
6/28/2023 16:00:00,189.25,129.04,121.08,285.29,335.85,411.17,256.24,4376.86
6/29/2023 16:00:00,189.59,127.9,120.01,281.53,335.05,408.22,257.5,4396.44
6/30/2023 16:00:00,193.97,130.36,120.97,286.98,340.54,423.02,261.77,4450.38
7/3/2023 13:05:00,192.46,130.22,120.56,286.02,337.99,424.13,279.82,4455.59
7/5/2023 16:00:00,191.33,130.38,122.63,294.37,338.15,423.17,282.48,4446.82
7/6/2023 16:00:00,191.81,128.36,120.93,291.99,341.27,421.03,276.54,4411.59
7/7/2023 16:00:00,190.68,129.78,120.14,290.53,337.22,425.03,274.43,4398.95
7/10/2023 16:00:00,188.61,127.13,116.87,294.1,331.83,421.8,269.61,4409.53
7/11/2023 16:00:00,188.08,128.78,117.71,298.29,332.47,424.05,269.79,4439.26
7/12/2023 16:00:00,189.77,130.8,119.62,309.34,337.2,439.02,271.99,4472.16
7/13/2023 16:00:00,190.54,134.3,124.83,313.41,342.66,459.77,277.9,4510.04
7/14/2023 16:00:00,190.69,134.68,125.7,308.87,345.24,454.69,281.38,4505.42
7/17/2023 16:00:00,193.99,133.56,125.06,310.62,345.73,464.61,290.38,4522.79
7/18/2023 16:00:00,193.73,132.83,124.08,312.05,359.49,474.94,293.34,4554.98
7/19/2023 16:00:00,195.1,135.36,122.78,316.01,355.08,470.77,291.26,4565.72
7/20/2023 16:00:00,193.13,129.96,119.53,302.52,346.87,455.2,262.9,4534.87
7/21/2023 16:00:00,191.94,130,120.31,294.26,343.77,443.09,260.02,4536.34
7/24/2023 16:00:00,192.75,128.8,121.88,291.61,345.11,446.12,269.06,4554.64
7/25/2023 16:00:00,193.62,129.13,122.79,294.47,350.98,456.79,265.28,4567.46
7/26/2023 16:00:00,194.5,128.15,129.66,298.57,337.77,454.52,264.35,4566.75
7/27/2023 16:00:00,193.22,128.25,129.87,311.71,330.72,459,255.71,4537.41
7/28/2023 16:00:00,195.83,132.21,133.01,325.48,338.37,467.5,266.44,4582.23
7/31/2023 16:00:00,196.45,133.68,133.11,318.6,335.92,467.29,267.43,4588.96
8/1/2023 16:00:00,195.61,131.69,131.89,322.71,336.34,465.07,261.07,4576.73
8/2/2023 16:00:00,192.58,128.21,128.64,314.31,327.5,442.69,254.11,4513.39
8/3/2023 16:00:00,191.17,128.91,128.77,313.19,326.66,445.15,259.32,4501.89
8/4/2023 16:00:00,181.99,139.57,128.54,310.73,327.78,446.8,253.86,4478.03
8/7/2023 16:00:00,178.85,142.22,131.94,316.56,330.11,454.17,251.45,4518.44
8/8/2023 16:00:00,179.8,139.94,131.84,312.64,326.05,446.64,249.7,4499.38
8/9/2023 16:00:00,178.19,137.85,130.15,305.21,322.23,425.54,242.19,4467.71
8/10/2023 16:00:00,177.97,138.56,130.21,305.74,322.93,423.88,245.34,4468.83
8/11/2023 16:00:00,177.79,138.41,130.17,301.64,321.01,408.55,242.65,4464.05
8/14/2023 16:00:00,179.46,140.57,131.83,306.19,324.04,437.53,239.76,4489.72
8/15/2023 16:00:00,177.45,137.67,130.27,301.95,321.86,439.4,232.96,4437.86
8/16/2023 16:00:00,176.57,135.07,129.11,294.29,320.4,434.86,225.6,4404.33
8/17/2023 16:00:00,174,133.98,130.46,285.09,316.88,433.44,219.22,4370.36
8/18/2023 16:00:00,174.49,133.22,128.11,283.25,316.48,432.99,215.49,4369.71
8/21/2023 16:00:00,175.84,134.68,128.93,289.9,321.88,469.67,231.28,4399.77
8/22/2023 16:00:00,177.23,134.25,129.69,287.6,322.46,456.68,233.19,4387.55
8/23/2023 16:00:00,181.12,135.52,133.21,294.24,327,471.16,236.86,4436.01
8/24/2023 16:00:00,176.38,131.84,130.42,286.75,319.97,471.63,230.04,4376.31
8/25/2023 16:00:00,178.61,133.26,130.69,285.5,322.98,460.18,238.59,4405.71
8/28/2023 16:00:00,180.19,133.14,131.79,290.26,323.7,468.35,238.82,4433.31
8/29/2023 16:00:00,184.12,134.91,135.49,297.99,328.41,487.84,257.18,4497.63
8/30/2023 16:00:00,187.65,135.07,136.93,295.1,328.79,492.64,256.9,4514.87
8/31/2023 16:00:00,187.87,138.01,137.35,295.89,327.76,493.55,258.08,4507.66
9/1/2023 16:00:00,189.46,138.12,136.8,296.38,328.66,485.09,245.01,4515.77
9/5/2023 16:00:00,189.7,137.27,136.71,300.15,333.55,485.48,256.49,4496.83
9/6/2023 16:00:00,182.91,135.36,135.37,299.17,332.88,470.61,251.92,4465.48
9/7/2023 16:00:00,177.56,137.85,136.2,298.67,329.91,462.41,251.49,4451.14
9/8/2023 16:00:00,178.18,138.23,137.2,297.89,334.27,455.72,248.5,4457.49
9/11/2023 16:00:00,179.36,143.1,137.74,307.56,337.94,451.78,273.58,4487.46
9/12/2023 16:00:00,176.3,141.23,136.07,301.66,331.77,448.7,267.48,4461.9
9/13/2023 16:00:00,174.21,144.85,137.5,305.06,336.06,454.85,271.3,4467.44
9/14/2023 16:00:00,175.74,144.72,138.99,311.72,338.7,455.81,276.04,4505.1
9/15/2023 16:00:00,175.01,140.39,138.3,300.31,330.22,439,274.39,4450.32
9/18/2023 16:00:00,177.97,139.98,138.96,302.55,329.06,439.66,265.28,4453.53
9/19/2023 16:00:00,179.07,137.63,138.83,305.07,328.65,435.2,266.5,4443.95
9/20/2023 16:00:00,175.49,135.29,134.59,299.67,320.77,422.39,262.59,4402.2
9/21/2023 16:00:00,173.93,129.33,131.36,295.73,319.53,410.17,255.7,4330
9/22/2023 16:00:00,174.79,129.12,131.25,299.08,317.01,416.1,244.88,4320.06
9/25/2023 16:00:00,176.08,131.27,132.17,300.83,317.54,422.22,246.99,4337.44
9/26/2023 16:00:00,171.96,125.98,129.45,298.96,312.14,419.11,244.12,4273.53
9/27/2023 16:00:00,170.43,125.98,131.46,297.74,312.79,424.68,240.5,4274.51
9/28/2023 16:00:00,170.69,125.98,133.13,303.96,313.64,430.89,246.38,4299.7
9/29/2023 16:00:00,171.21,127.12,131.85,300.21,315.75,434.99,250.22,4288.05
10/2/2023 16:00:00,173.75,129.46,135.17,306.82,321.8,447.82,251.6,4288.39
10/3/2023 16:00:00,172.4,124.72,133.3,300.94,313.39,435.17,246.53,4229.45
10/4/2023 16:00:00,173.66,127,136.27,305.58,318.96,440.41,261.16,4263.75
10/5/2023 16:00:00,174.91,125.96,135.99,304.79,319.36,446.88,260.05,4258.19
10/6/2023 16:00:00,177.49,127.96,138.73,315.43,327.26,457.62,260.53,4308.5
10/9/2023 16:00:00,178.99,128.26,139.5,318.36,329.82,452.73,259.67,4335.66
10/10/2023 16:00:00,178.39,129.48,139.2,321.84,328.39,457.98,263.62,4358.24
10/11/2023 16:00:00,179.8,131.83,141.7,327.82,332.42,468.06,262.99,4376.95
10/12/2023 16:00:00,180.71,132.33,140.29,324.16,331.16,469.45,258.87,4349.61
10/13/2023 16:00:00,178.85,129.79,138.58,314.69,327.73,454.61,251.12,4327.78
10/16/2023 16:00:00,178.72,132.55,140.49,321.15,332.64,460.95,253.92,4373.63
10/17/2023 16:00:00,177.15,131.47,140.99,324,332.06,439.38,254.85,4373.2
10/18/2023 16:00:00,175.84,128.13,139.28,316.97,330.11,421.96,242.68,4314.6
10/19/2023 16:00:00,175.46,128.4,138.98,312.81,331.32,421.01,220.11,4278
10/20/2023 16:00:00,172.88,125.17,136.74,308.65,326.67,413.87,211.99,4224.16
10/23/2023 16:00:00,173,126.56,137.9,314.01,329.32,429.75,212.08,4217.04
10/24/2023 16:00:00,173.44,128.56,140.12,312.55,330.53,436.63,216.52,4247.68
10/25/2023 16:00:00,171.1,121.39,126.67,299.53,340.67,417.79,212.42,4186.77
10/26/2023 16:00:00,166.89,119.57,123.44,288.35,327.89,403.26,205.76,4137.23
10/27/2023 16:00:00,168.22,127.74,123.4,296.73,329.81,405,207.3,4117.37
10/30/2023 16:00:00,170.29,132.71,125.75,302.66,337.31,411.61,197.36,4166.82
10/31/2023 16:00:00,170.77,133.09,125.3,301.27,338.11,407.8,200.84,4193.8
11/1/2023 16:00:00,173.97,137,127.57,311.85,346.07,423.25,205.66,4237.86
11/2/2023 16:00:00,177.57,138.07,128.58,310.87,348.32,435.06,218.51,4317.78
11/3/2023 16:00:00,176.65,138.6,130.37,314.6,352.8,450.05,219.96,4358.34
11/6/2023 16:00:00,179.23,139.74,131.45,315.8,356.53,457.51,219.27,4365.98
11/7/2023 16:00:00,181.82,142.71,132.4,318.82,360.53,459.55,222.18,4378.38
11/8/2023 16:00:00,182.89,142.08,133.26,319.78,363.2,465.74,222.11,4382.78
11/9/2023 16:00:00,182.41,140.6,131.69,320.55,360.69,469.5,209.98,4347.35
11/10/2023 16:00:00,186.4,143.56,134.06,328.77,369.67,483.35,214.65,4415.24
11/13/2023 16:00:00,184.8,142.59,133.64,329.19,366.68,486.2,223.71,4411.55
11/14/2023 16:00:00,187.44,145.8,135.43,336.31,370.27,496.56,237.41,4495.7
11/15/2023 16:00:00,188.01,143.2,136.38,332.71,369.67,488.88,242.84,4502.88
11/16/2023 16:00:00,189.71,142.83,138.7,334.19,376.17,494.8,233.59,4508.24
11/17/2023 16:00:00,189.69,145.18,136.94,335.04,369.85,492.98,234.3,4514.02
11/20/2023 16:00:00,191.45,146.13,137.92,339.97,377.44,504.09,235.6,4547.38
11/21/2023 16:00:00,190.64,143.9,138.62,336.98,373.07,499.44,241.2,4538.19
11/22/2023 16:00:00,191.31,146.71,140.02,341.49,377.85,487.16,234.21,4556.62
11/24/2023 13:05:00,189.97,146.74,138.22,338.23,377.43,477.76,235.45,4559.34
11/27/2023 16:00:00,189.79,147.73,138.05,334.7,378.61,482.42,236.08,4550.43
11/28/2023 16:00:00,190.4,147.03,138.62,338.99,382.7,478.21,246.72,4554.89
11/29/2023 16:00:00,189.37,146.32,136.4,332.2,378.85,481.4,244.14,4550.58
11/30/2023 16:00:00,189.95,146.09,133.92,327.15,378.91,467.7,240.08,4567.8
12/1/2023 16:00:00,191.24,147.03,133.32,324.82,374.51,467.65,238.83,4594.63
12/4/2023 16:00:00,189.43,144.84,130.63,320.02,369.14,455.1,235.58,4569.78
12/5/2023 16:00:00,193.42,146.88,132.39,318.29,372.52,465.66,238.72,4567.18
12/6/2023 16:00:00,192.32,144.52,131.43,317.45,368.8,455.03,239.37,4549.34
12/7/2023 16:00:00,194.27,146.88,138.45,326.59,370.95,465.96,242.64,4585.59
12/8/2023 16:00:00,195.71,147.42,136.64,332.75,374.23,475.06,243.84,4604.37
12/11/2023 16:00:00,193.18,145.89,134.7,325.28,371.3,466.27,239.74,4622.44
12/12/2023 16:00:00,194.71,147.48,133.64,334.22,374.38,476.57,237.01,4643.7
12/13/2023 16:00:00,197.96,148.84,133.97,334.74,374.37,480.88,239.29,4707.09
12/14/2023 16:00:00,198.11,147.42,133.2,333.17,365.93,483.5,251.05,4719.55
12/15/2023 16:00:00,197.57,149.97,133.84,334.92,370.73,488.9,253.5,4719.19
12/18/2023 16:00:00,195.89,154.07,137.19,344.62,372.65,500.77,252.08,4740.56
12/19/2023 16:00:00,196.94,153.79,138.1,350.36,373.26,496.04,257.22,4768.37
12/20/2023 16:00:00,194.83,152.12,139.66,349.28,370.62,481.11,247.14,4698.35
12/21/2023 16:00:00,194.68,153.84,141.8,354.09,373.54,489.9,254.5,4746.75
12/22/2023 16:00:00,193.6,153.42,142.72,353.39,374.58,488.3,252.54,4754.63
12/26/2023 16:00:00,193.05,153.41,142.82,354.83,374.66,492.79,256.61,4774.75
12/27/2023 16:00:00,193.15,153.34,141.44,357.83,374.07,494.17,261.44,4781.58
12/28/2023 16:00:00,193.58,153.38,141.28,358.32,375.28,495.22,253.18,4783.35
12/29/2023 16:00:00,192.53,151.94,140.93,353.96,376.04,495.22,248.48,4769.83
1/2/2024 16:00:00,185.64,149.93,139.56,346.29,370.87,481.68,248.42,4742.83
1/3/2024 16:00:00,184.25,148.47,140.36,344.47,370.6,475.69,238.45,4704.81
1/4/2024 16:00:00,181.91,144.57,138.04,347.12,367.94,479.98,237.93,4688.68
1/5/2024 16:00:00,181.18,145.24,137.39,351.95,367.75,490.97,237.49,4697.24
1/8/2024 16:00:00,185.56,149.1,140.53,358.66,374.69,522.53,240.45,4763.54
1/9/2024 16:00:00,185.14,151.37,142.56,357.43,375.79,531.4,234.96,4756.5
1/10/2024 16:00:00,186.19,153.73,143.8,370.47,382.77,543.5,233.94,4783.45
1/11/2024 16:00:00,185.59,155.18,143.67,369.67,384.63,548.22,227.22,4780.24
1/12/2024 16:00:00,185.92,154.62,144.24,374.49,388.47,547.1,218.89,4783.83
1/16/2024 16:00:00,183.63,153.16,144.08,367.46,390.27,563.82,219.91,4765.98
1/17/2024 16:00:00,182.68,151.71,142.89,368.37,389.47,560.53,215.55,4739.21
1/18/2024 16:00:00,188.63,153.5,144.99,376.13,393.87,571.07,211.88,4780.94
1/19/2024 16:00:00,191.56,155.34,147.97,383.45,398.67,594.91,212.19,4839.81
1/22/2024 16:00:00,193.89,154.78,147.71,381.78,396.51,596.54,208.8,4850.43
1/23/2024 16:00:00,195.18,156.02,148.68,385.2,398.9,598.73,209.14,4864.6
1/24/2024 16:00:00,194.5,156.87,150.35,390.7,402.56,613.62,207.83,4868.55
1/25/2024 16:00:00,194.17,157.75,153.64,393.18,404.87,616.17,182.63,4894.16
1/26/2024 16:00:00,192.42,159.12,153.79,394.14,403.93,610.31,183.25,4890.97
1/29/2024 16:00:00,191.73,161.26,154.84,401.02,409.72,624.65,190.93,4927.93
1/30/2024 16:00:00,188.04,159,153.05,400.06,408.59,627.74,191.59,4924.97
1/31/2024 16:00:00,184.4,155.2,141.8,390.14,397.58,615.27,187.29,4845.65
2/1/2024 16:00:00,186.86,159.28,142.71,394.78,403.78,630.27,188.86,4906.19
2/2/2024 16:00:00,185.85,171.81,143.54,474.99,411.22,661.6,187.91,4958.61
2/5/2024 16:00:00,187.68,170.31,144.93,459.41,405.65,693.32,181.06,4942.81
2/6/2024 16:00:00,189.3,169.15,145.41,454.72,405.49,682.23,185.1,4954.23
2/7/2024 16:00:00,189.41,170.53,146.68,469.59,414.05,700.99,187.58,4995.06
2/8/2024 16:00:00,188.32,169.84,147.22,470,414.11,696.41,189.56,4997.91
2/9/2024 16:00:00,188.85,174.45,150.22,468.11,420.55,721.33,193.57,5026.61
2/12/2024 16:00:00,187.15,172.34,148.73,468.9,415.26,722.48,188.13,5021.84
2/13/2024 16:00:00,185.04,168.64,146.37,460.12,406.32,721.28,184.02,4953.17
2/14/2024 16:00:00,184.15,170.98,147.14,473.28,409.49,739,188.71,5000.62
2/15/2024 16:00:00,183.86,169.8,143.94,484.03,406.56,726.58,200.45,5029.73
2/16/2024 16:00:00,182.31,169.51,141.76,473.32,404.06,726.13,199.95,5005.57
2/20/2024 16:00:00,181.56,167.08,142.2,471.75,402.79,694.52,193.76,4975.51
2/21/2024 16:00:00,182.32,168.59,143.84,468.03,402.18,674.72,194.77,4981.8
2/22/2024 16:00:00,184.37,174.58,145.32,486.13,411.65,785.38,197.41,5087.03